observation_date,brent_usd,usd_per_eur,brent_eur_bbl,brent_eur_litre
2019-01-06,54.31,1.1388666666666667,47.68730644461977,0.2999446900980569
2019-01-13,58.636,1.1486399999999999,51.04575620210424,0.32106874274062813
2019-01-20,60.0875,1.1387,52.76980840223658,0.33191272495384266
2019-01-27,61.1325,1.1369500000000001,53.76897949373859,0.33819733370488525
2019-02-03,61.379999999999995,1.1441599999999998,53.64605714253025,0.33742417394208496
2019-02-10,61.705999999999996,1.13814,54.21614583418541,0.3410099305866857
2019-02-17,63.36,1.12866,56.138228153467864,0.35309948708679245
2019-02-24,66.56,1.1336000000000002,58.71539421271575,0.3693094039935074
2019-03-03,64.564,1.1368800000000001,56.79038733375137,0.3572014525322911
2019-03-10,64.734,1.1280999999999999,57.385262505465924,0.3609431117353364
2019-03-17,65.714,1.1288399999999998,58.21318153776193,0.36615057544177787
2019-03-24,67.34400000000001,1.13356,59.40818877301679,0.37366695876402967
2019-03-31,67.248,1.12636,59.70411371117133,0.3755282740800904
2019-04-07,69.53999999999999,1.12142,62.0109754763054,0.390038024972516
2019-04-14,71.328,1.12744,63.2654757616379,0.3979286090160699
2019-04-21,70.8725,1.1283750000000001,62.809465320906796,0.3950603843138546
2019-04-28,72.93199999999999,1.11914,65.17118324897991,0.4099151707308139
2019-05-05,71.586,1.11966,63.93515457041061,0.40214076981395086
2019-05-12,71.252,1.121,63.561351429494245,0.39978961443070343
2019-05-19,73.322,1.11982,65.47831552700741,0.4118469782246813
2019-05-26,70.888,1.11706,63.4615147793976,0.3991616596287596
2019-06-02,69.28999999999999,1.11505,62.140734011127805,0.3908541831164045
2019-06-09,63.146,1.1260400000000002,56.077864318134075,0.35271980928084734
2019-06-16,63.188,1.12858,55.98947091464224,0.3521638304681656
2019-06-23,64.038,1.12514,56.91187171045304,0.3579655676907737
2019-06-30,66.50999999999999,1.1382999999999999,58.42963933971712,0.3675120565814634
2019-07-07,63.894999999999996,1.127475,56.671692506486664,0.35645488314444995
2019-07-14,65.978,1.12386,58.70468648674871,0.3692420542984565
2019-07-21,63.628,1.12304,56.65565308327407,0.3563539980204298
2019-07-28,62.8,1.11576,56.285774411300665,0.3540275268499983
2019-08-04,62.586,1.11188,56.288873514870815,0.3540470196611724
2019-08-11,57.327999999999996,1.1212199999999999,51.131757259356284,0.3216096741202506
2019-08-18,58.251999999999995,1.1147,52.259186511253425,0.3287010039264432
2019-08-25,59.574,1.11046,53.648989702768155,0.33744261922527097
2019-09-01,59.826,1.10676,54.05886378826758,0.34002065444512813
2019-09-08,60.6475,1.101825,55.03919918529811,0.3461867900224428
2019-09-15,62.738,1.10494,56.781611247653245,0.3571462525090306
2019-09-22,65.55600000000001,1.1036000000000001,59.40424769340107,0.3736421700730316
2019-09-29,63.152,1.0963800000000001,57.59864651453783,0.36228525926357397
2019-10-06,59.222,1.09506,54.083939312160624,0.34017837503796305
2019-10-13,59.394000000000005,1.0993600000000001,54.0248159513412,0.3398064995964526
2019-10-20,59.45,1.109875,53.56460047221467,0.33691182594938374
2019-10-27,60.748000000000005,1.1116,54.65137265299258,0.34374742999737445
2019-11-03,60.226,1.11316,54.10462749068897,0.3403085000074784
2019-11-10,62.39,1.10708,56.35589013538563,0.3544685423046263
2019-11-17,62.56,1.102075,56.7652254786293,0.3570431889313548
2019-11-24,63.762,1.10626,57.638626930389066,0.3625367289802881
2019-12-01,64.755,1.10105,58.81214938452196,0.36991797684415684
2019-12-08,64.714,1.10792,58.41110907530483,0.36739550450857517
2019-12-15,66.498,1.10984,59.91632864425268,0.3768630683279305
2019-12-22,68.902,1.11208,61.95806641386927,0.3897052363644151
2019-12-29,68.73,1.111275,61.84817786635484,0.38901405691254526
2020-01-05,68.05,1.119575,60.78227796216419,0.38230973577817173
2020-01-12,67.92999999999999,1.11334,61.011919904164316,0.3837541428177418
2020-01-19,64.112,1.11304,57.60137011626661,0.3623023902348406
2020-01-26,61.5925,1.1062,55.676262628331564,0.35019380596106325
2020-02-02,58.572,1.1029,53.108983785862186,0.33404607789229424
2020-02-09,54.59400000000001,1.1008,49.596695155377645,0.31195440605444247
2020-02-16,55.327999999999996,1.08826,50.84518912317211,0.319807211427174
2020-02-23,58.81,1.081525,54.37807682248516,0.3420284477503517
2020-03-01,54.092,1.0917999999999999,49.55520307556013,0.311693428239794
2020-03-08,50.702,1.1198000000000001,45.291754746867056,0.28487709527739413
2020-03-15,33.724000000000004,1.12378,29.995246010180466,0.1886647713975386
2020-03-22,25.654000000000003,1.08648,23.59661174882335,0.14841849804589904
2020-03-29,23.962,1.08946,22.004475300611098,0.13840424248907834
2020-04-05,18.716,1.09254,17.151278181399732,0.10787849435110877
2020-04-12,22.5325,1.087225,20.728630122268918,0.13037940285852878
2020-04-19,19.995,1.0900750000000001,18.338824124153476,0.11534794746836832
2020-04-26,14.235999999999999,1.0834,13.141048885608564,0.08265486414366308
2020-05-03,17.046,1.089,15.647315627093159,0.09841883693064941
2020-05-10,23.572499999999998,1.0844,21.743545875652174,0.13676304273715573
2020-05-17,28.182,1.0827,26.031370467645708,0.16373269806742508
2020-05-24,33.94,1.09336,31.040917754758503,0.195241860999695
2020-05-31,33.7025,1.102875,30.557849789782836,0.19220344927436103
2020-06-07,38.37,1.12308,34.16034179157655,0.21486248430108468
2020-06-14,39.518,1.13254,34.89312133389278,0.2194715375086817
2020-06-21,40.948,1.12306,36.463394604869144,0.22934827756275133
2020-06-28,41.694,1.1258,37.03384920565461,0.23293633571081038
2020-07-05,42.1475,1.12425,37.489450165120786,0.2358019848485775
2020-07-12,43.06,1.13102,38.07155242380945,0.23946330469666988
2020-07-19,43.404,1.14094,38.04197091500215,0.23927724225881458
2020-07-26,43.568,1.15564,37.70289215463125,0.23714449706347848
2020-08-02,43.224000000000004,1.17732,36.71428100656076,0.23092630848157875
2020-08-09,44.356,1.18092,37.55939242758895,0.23624190926043612
2020-08-16,44.538,1.17934,37.76456002838303,0.23753237703952546
2020-08-23,44.792,1.1866400000000001,37.745826604894745,0.23741454713212243
2020-08-30,45.257999999999996,1.18318,38.25143314082459,0.2405947224667714
2020-09-06,43.06,1.1860249999999999,36.300963896295436,0.22832661724729342
2020-09-13,39.144999999999996,1.18275,33.09660785631415,0.2081717867266767
2020-09-20,40.769999999999996,1.1846999999999999,34.41510090989213,0.21646487391983077
2020-09-27,40.89,1.1680199999999998,35.008912340157835,0.22019984237804252
2020-10-04,39.994,1.17116,34.15038166688244,0.2147998368852953
2020-10-11,41.06,1.178,34.85584956251061,0.2192371046847265
2020-10-18,41.525000000000006,1.17275,35.408230775900044,0.22271148443520566
2020-10-25,40.998000000000005,1.183,34.656967632525195,0.2179861726589293
2020-11-01,37.906,1.1741199999999998,32.278546766218625,0.20302632772628346
2020-11-08,38.636,1.1756600000000001,32.86401495537597,0.20670881867936358
2020-11-15,41.7125,1.181475,35.30548492989847,0.22206523130758155
2020-11-22,43.007999999999996,1.1855,36.27840126203315,0.22818470228404303
2020-11-29,46.31,1.1869333333333334,39.01454054684981,0.24539453255203136
2020-12-06,47.827999999999996,1.2074799999999999,39.607443085798465,0.24912378424524312
2020-12-13,49.324,1.2111800000000001,40.72395040924848,0.2561464170608193
2020-12-20,51.048,1.21944,41.86092842163481,0.2632978068749949
2020-12-27,50.51333333333333,1.2198666666666667,41.40866540931297,0.26045315283207415
2021-01-03,50.82,1.224375,41.50728852558064,0.26107347472171083
2021-01-10,53.30799999999999,1.22712,43.4414944251848,0.2732392863893576
2021-01-17,55.379999999999995,1.21502,45.579249682831644,0.2866853873765254
2021-01-24,55.42666666666667,1.2149333333333334,45.621459430272644,0.2869508791930953
2021-01-31,55.178,1.2128599999999998,45.49407168225591,0.28614963287725353
2021-02-07,58.222,1.20248,48.4200261430321,0.3045533668981244
2021-02-14,61.128,1.2107199999999998,50.4881555875452,0.3175615338835578
2021-02-21,63.977500000000006,1.209075,52.916636184303776,0.33283624563205655
2021-02-28,65.85799999999999,1.21524,54.19332507806572,0.3408663920827849
2021-03-07,65.94,1.2033,54.809973424739724,0.3447450006902434
2021-03-14,68.154,1.1912800000000001,57.209429938330096,0.3598371561091794
2021-03-21,66.114,1.1910399999999999,55.51062621150228,0.34915198230988875
2021-03-28,62.50600000000001,1.1842000000000001,52.78356067495705,0.33199922430737766
2021-04-04,63.6775,1.17545,54.17258655819761,0.340735950475181
2021-04-11,61.8275,1.188575,52.018008441519505,0.32718403669180185
2021-04-18,64.686,1.19528,54.11515420064518,0.3403747111439626
2021-04-25,65.34400000000001,1.20374,54.28408560009698,0.3414372596507701
2021-05-02,66.964,1.208,55.434076479472836,0.3486704980877231
2021-05-09,68.9925,1.205775,57.22104108655736,0.35991018816983383
2021-05-16,68.732,1.21248,56.68737341400892,0.35655351326843654
2021-05-23,67.482,1.2195399999999998,55.33613497741834,0.3480544634304587
2021-05-30,69.022,1.2207000000000001,56.54326668298785,0.3556471075181483
2021-06-06,70.66,1.218725,57.98021034197177,0.36468522798701636
2021-06-13,71.458,1.21676,58.729383893573264,0.36939739660206977
2021-06-20,73.10999999999999,1.20296,60.78001176667864,0.3822954818109571
2021-06-27,75.40599999999999,1.19272,63.2215168259468,0.39765211511599563
2021-07-04,76.26,1.18792,64.1993777550039,0.40380268672912817
2021-07-11,75.5825,1.1829999999999998,63.88943216511889,0.40185318400321346
2021-07-18,75.8,1.18226,64.11385944920774,0.403264791770445
2021-07-25,72.202,1.17822,61.282465408663754,0.38545582600252704
2021-08-01,75.75399999999999,1.184,63.97999108898525,0.4024227835545375
2021-08-08,72.25999999999999,1.1834399999999998,61.05751241018743,0.3840409115851449
2021-08-15,71.09400000000001,1.1747999999999998,60.51655326735713,0.38063837463036054
2021-08-22,68.078,1.1715,58.10925492813561,0.3654968955206125
2021-08-29,71.01599999999999,1.17582,60.395865106241274,0.37987926752653534
2021-09-05,73.0175,1.1848,61.62922975741036,0.38763691218408025
2021-09-12,71.91,1.1828750000000001,60.792906755927106,0.38237658900367394
2021-09-19,74.128,1.1788399999999999,62.884098280146816,0.39552981237552015
2021-09-26,75.32000000000001,1.17284,64.22039935443576,0.40393490885692385
2021-10-03,78.444,1.1634,67.42716619932148,0.42410490291232295
2021-10-10,82.012,1.1582000000000001,70.81016415121061,0.4453833593388806
2021-10-17,83.89750000000001,1.15735,72.49073698273072,0.45595386404379434
2021-10-24,84.98400000000001,1.16318,73.06151090313821,0.4595439306555771
2021-10-31,84.116,1.16072,72.47004633952139,0.45582372357187306
2021-11-07,82.522,1.1571200000000001,71.3153745967832,0.44856104333551305
2021-11-14,83.3875,1.153475,72.29244419069136,0.45470663759106944
2021-11-21,81.63,1.13504,71.91774169559017,0.4523498254296904
2021-11-28,79.785,1.125575,70.89362455806682,0.44590831047863544
2021-12-05,71.0,1.1297000000000001,62.85078001591232,0.39532024640953234
2021-12-12,74.788,1.12912,66.23556172089415,0.416609922326317
2021-12-19,73.762,1.12824,65.37747233455735,0.4112126924500579
2021-12-26,73.5775,1.13035,65.09079892177088,0.4094095675858459
2022-01-02,78.62,1.13275,69.40635348638725,0.43655363952013215
2022-01-09,80.502,1.13172,71.13055260528594,0.4473985458263
2022-01-16,85.06800000000001,1.1400000000000001,74.61691598353146,0.46932715243089973
2022-01-23,89.4925,1.1341,78.9105265118818,0.4963332002734928
2022-01-30,90.124,1.1234600000000001,80.22814231303005,0.5046207697046302
2022-02-06,92.774,1.1326,81.9052519756003,0.5151694916917753
2022-02-13,96.434,1.14352,84.33182083820093,0.5304321789718716
2022-02-20,97.798,1.13482,86.18247223521664,0.5420724476543154
2022-02-27,99.4675,1.126825,88.28123512823768,0.555273293591537
2022-03-06,114.434,1.1078800000000002,103.35212389407847,0.6500665079162353
2022-03-13,122.28600000000002,1.09508,111.71464537126317,0.7026652831443022
2022-03-20,109.59200000000001,1.10206,99.43256044588404,0.6254131497913921
2022-03-27,123.598,1.10124,112.23717089696174,0.7059518759204322
2022-04-03,111.25999999999999,1.1076000000000001,100.45144677221052,0.6318217638688102
2022-04-10,103.33,1.092,94.61685494199321,0.5951232172567141
2022-04-17,105.41499999999999,1.084925,97.1729399226884,0.6112005379225245
2022-04-24,105.7225,1.0818750000000001,97.72170518764193,0.6146521739993958
2022-05-01,103.92,1.059,98.1529586845564,0.6173646819208891
2022-05-08,110.36,1.05375,104.7290491872939,0.6587271235213816
2022-05-15,107.43199999999999,1.04826,102.50370602837856,0.6447301101874906
2022-05-22,112.928,1.0518399999999999,107.36693979564748,0.675318987059618
2022-05-29,117.66199999999999,1.0700800000000001,109.95492388248354,0.6915969474389951
2022-06-05,124.47000000000001,1.0699333333333334,116.33053753433546,0.7316984252444253
2022-06-12,127.398,1.0662600000000002,119.48687076136737,0.7515512007986022
2022-06-19,125.08399999999999,1.04488,119.71741040529355,0.7530012542238897
2022-06-26,116.4775,1.054325,110.47560753974197,0.694871955189682
2022-07-03,120.338,1.0497999999999998,114.63186174309435,0.7210140561372588
2022-07-10,111.595,1.0191000000000001,109.50739623506172,0.6887820780004763
2022-07-17,109.8,1.0070999999999999,109.02256014744412,0.6857325450976753
2022-07-24,113.53399999999999,1.02074,111.2322273188912,0.6996309592538459
2022-07-31,109.276,1.016,107.55488533331928,0.6765011311196467
2022-08-07,102.54400000000001,1.02002,100.52864113700102,0.6323073027165806
2022-08-14,104.644,1.0272999999999999,101.85991549718268,0.6406807820588016
2022-08-21,96.726,1.01354,95.43512970172651,0.6002700202011895
2022-08-28,98.872,0.99672,99.19386684880388,0.6239118094485956
2022-09-04,95.305,1.0015749999999999,95.15076751725213,0.598481432552675
2022-09-11,89.4825,0.99645,89.79968522605992,0.5648240750882773
2022-09-18,91.406,1.00246,91.17936221767384,0.5735019983877541
2022-09-25,88.5425,0.98585,89.80320852261566,0.5648462359980104
2022-10-02,87.276,0.96954,90.00744432230653,0.5661308429136126
2022-10-09,94.66,0.9848600000000001,96.12564526809982,0.6046132405045684
2022-10-16,93.9975,0.9742,96.48542440221695,0.6068761873751751
2022-10-23,91.036,0.98286,92.6246081743069,0.582592338834665
2022-10-30,93.014,0.9964000000000001,93.35177103397777,0.5871660641057306
2022-11-06,95.862,0.9856999999999999,97.25278959495789,0.611702778182857
2022-11-13,96.005,1.007475,95.30562072531697,0.5994554317354058
2022-11-20,92.086,1.0358800000000001,88.89556802402032,0.5591373384240241
2022-11-27,86.5975,1.032,83.92824535914971,0.5278937608681824
2022-12-04,85.03,1.04168,81.62576802222374,0.5134115872506791
2022-12-11,78.556,1.05196,74.68137769870346,0.46973260517340065
2022-12-18,80.80199999999999,1.06156,76.11147171802311,0.4787276426250141
2022-12-25,80.678,1.06134,76.01486760744415,0.4781200199226613
2023-01-01,81.82666666666667,1.0662666666666667,76.74089608260364,0.48268661011657327
2023-01-08,77.2025,1.058,72.97459736797666,0.45899725995192475
2023-01-15,80.60600000000001,1.0774000000000001,74.81075528160127,0.4705463671973261
2023-01-22,85.05,1.081525,78.63847236931268,0.4946220280231257
2023-01-29,85.904,1.08724,79.01173673593209,0.496969794611711
2023-02-05,81.87,1.0877000000000001,75.26915318092094,0.47342960859014227
2023-02-12,83.298,1.07184,77.71714139217084,0.48882701976998655
2023-02-19,84.172,1.0697,78.68589962454428,0.49492033703726895
2023-02-26,81.52,1.0602,76.8937708434074,0.4836481652173284
2023-03-05,83.604,1.06166,78.74817514977326,0.49531203903321186
2023-03-12,82.85799999999999,1.06104,78.08770396535932,0.4911577925576263
2023-03-19,74.978,1.06518,70.38163296902391,0.44268797429364604
2023-03-26,74.244,1.0787,68.82673163613137,0.4329079210006565
2023-04-02,78.00399999999999,1.0846,71.91821288366054,0.4523527891189881
2023-04-09,85.99000000000001,1.0921750000000001,78.73309836643861,0.49521720874309605
2023-04-16,87.3625,1.098175,79.5553486855088,0.5003890172498935
2023-04-23,84.62,1.09538,77.25337412363893,0.4859100059982196
2023-04-30,81.396,1.10208,73.85864294324617,0.4645577496477459
2023-05-07,74.61749999999999,1.102025,67.71114739482522,0.4258910942078611
2023-05-14,76.08,1.0922749999999999,69.64995852842813,0.438085871979647
2023-05-21,75.752,1.0833,69.928339674521,0.43983683995874506
2023-05-28,76.482,1.07546,71.11625423516003,0.44730861161705066
2023-06-04,73.885,1.0713,68.9652743883548,0.43377933031225696
2023-06-11,76.05999999999999,1.07294,70.89110022149521,0.4458924328498256
2023-06-18,74.388,1.08512,68.54641006800256,0.43114474811149694
2023-06-25,75.05000000000001,1.0922749999999999,68.70914572405195,0.43216832649242987
2023-07-02,73.55,1.09152,67.38491147836142,0.4238391282203036
2023-07-09,76.6875,1.0906,70.31582412126892,0.4422740483263973
2023-07-16,79.786,1.11074,71.83068410653337,0.4518022486526155
2023-07-23,79.47999999999999,1.11818,71.08412857029926,0.44710654688936363
2023-07-30,83.548,1.10496,75.61397431307708,0.4755984722843823
2023-08-06,85.628,1.09826,77.96575288674478,0.49039074192698007
2023-08-13,87.83,1.09798,79.99368512704004,0.5031460756353667
2023-08-20,85.866,1.09006,78.77123245487662,0.4954570653882181
2023-08-27,84.714,1.08418,78.13743187110782,0.4914705722550134
2023-09-03,87.565,1.085075,80.7059041674203,0.5076258069365438
2023-09-10,91.5125,1.07135,85.41801929148379,0.5372641743757904
2023-09-17,93.86800000000001,1.0708,87.66632471680309,0.5514056162881437
2023-09-24,94.862,1.06836,88.79166595381935,0.558483812851487
2023-10-01,95.614,1.0567199999999999,90.48462365218857,0.5691322161698037
2023-10-08,90.328,1.0518800000000001,85.88353414658178,0.5401921801567535
2023-10-15,90.2525,1.057325,85.36916550976036,0.53695689276331
2023-10-22,92.46799999999999,1.05666,87.50869080934561,0.5504141269999787
2023-10-29,89.84,1.0589600000000001,84.83564707769176,0.5336011565580316
2023-11-05,88.208,1.0615400000000002,83.09577631144505,0.5226576783727289
2023-11-12,83.485,1.071475,77.91338674305649,0.4900613681814016
2023-11-19,81.928,1.08288,75.66582610832421,0.4759246108695945
2023-11-26,81.8125,1.091825,74.93212709925689,0.4713097743793951
2023-12-03,80.914,1.09398,73.96046793688495,0.46519821077751616
2023-12-10,75.982,1.07882,70.42991946325438,0.4429916877685243
2023-12-17,75.578,1.08466,69.67652334090927,0.43825295993326047
2023-12-24,80.154,1.09704,73.06338494642068,0.45955571805506545
2023-12-31,79.23333333333333,1.1083,71.48877236750168,0.4496516845245315
2024-01-07,76.88,1.0945,70.24267473531918,0.44181395167730186
2024-01-14,78.4,1.0954599999999999,71.5693685778825,0.45015862037702775
2024-01-21,80.195,1.08725,73.75919613579944,0.46393224688684886
2024-01-28,82.312,1.08656,75.75545736294377,0.47648837554607465
2024-02-04,82.57000000000001,1.08316,76.22923126771232,0.4794683292829749
2024-02-11,81.506,1.0762399999999999,75.73018188901906,0.47632939730304413
2024-02-18,84.44399999999999,1.07518,78.53994920262605,0.49400233479860656
2024-02-25,84.8925,1.081875,78.46816135914176,0.4935508020098609
2024-03-03,84.256,1.08388,77.73622099518472,0.4889470270851374
2024-03-10,85.63199999999999,1.09036,78.53834258109775,0.49399222943446797
2024-03-17,84.52000000000001,1.09132,77.44951079039872,0.4871436708057811
2024-03-24,85.878,1.08558,79.10730796307942,0.4975709206606794
2024-03-31,85.8,1.0822,79.28307331048532,0.4986764534866707
2024-04-07,90.34,1.08255,83.44791138009563,0.5248725454288441
2024-04-14,92.008,1.0763,85.4921875410945,0.5377306794964022
2024-04-21,89.59400000000001,1.0646200000000001,84.15708986348383,0.5293331521664277
2024-04-28,88.532,1.06888,82.82683010535222,0.5209660544909471
2024-05-05,85.726,1.0711400000000002,80.03502993590448,0.5034061271418698
2024-05-12,82.94749999999999,1.0766499999999999,77.04203018466,0.4845806901486286
2024-05-19,81.61,1.08436,75.26277312547936,0.47338947917426805
2024-05-26,80.24,1.08462,73.97910927833198,0.4653154615052298
2024-06-02,80.9175,1.084325,74.62537707503542,0.469380371194094
2024-06-09,76.586,1.08646,70.49339193303238,0.4433909183331492
2024-06-16,80.638,1.07564,74.9696644894141,0.4715458778982816
2024-06-23,84.89500000000001,1.0716,79.22418728846631,0.4983060708640726
2024-06-30,86.71600000000001,1.07066,80.99271072007642,0.5094297692268954
2024-07-07,87.94,1.0773000000000001,81.62914401861046,0.513432821668504
2024-07-14,86.804,1.08486,80.01413997106377,0.5032747329722793
2024-07-21,86.046,1.09062,78.89662007081755,0.49624573122844984
2024-07-28,82.51599999999999,1.08616,75.97014890394435,0.47783874721797603
2024-08-04,80.262,1.08308,74.1099019508828,0.46613812419180684
2024-08-11,78.84400000000001,1.09294,72.14059775005539,0.45375155044157955
2024-08-18,82.474,1.0977599999999998,75.13099031032024,0.47256058866649625
2024-08-25,79.57000000000001,1.11218,71.54551221505601,0.4500085680908251
2024-09-01,80.825,1.1108250000000002,72.76139520827093,0.45765625622391093
2024-09-08,74.60499999999999,1.10765,67.35619334924948,0.42365849628742913
2024-09-15,72.102,1.1041,65.3017348631257,0.41073631720282605
2024-09-22,74.984,1.11326,67.35447607517696,0.423647694938435
2024-09-29,74.066,1.11532,66.40935770675074,0.4177030682178464
2024-10-06,75.88,1.10476,68.69830808554605,0.4321001596705772
2024-10-13,79.342,1.09528,72.4396858624141,0.45563276156172583
2024-10-20,73.61250000000001,1.086575,67.74777807247834,0.4261214946660944
2024-10-27,74.69000000000001,1.08046,69.12831308327728,0.4348048147538936
2024-11-03,72.61,1.08368,67.0016168981163,0.42142827336899435
2024-11-10,75.632,1.0807600000000002,69.98134289831485,0.44017022082506657
2024-11-17,73.065,1.056975,69.12721447416536,0.43479790469765045
2024-11-24,74.838,1.05118,71.2015110717974,0.447844861981152
2024-12-01,74.225,1.052025,70.55629603010942,0.4437865739344061
2024-12-08,73.97,1.05326,70.22971137781168,0.44173241446037526
2024-12-15,74.032,1.0520399999999999,70.37093370225618,0.442620677805457
2024-12-22,73.794,1.04548,70.5854652370823,0.4439700430669319
2024-12-29,73.13,1.0406666666666666,70.272359903396,0.44200066611355643
2025-01-05,75.42,1.03225,73.0696194527032,0.45959493199257295
2025-01-12,78.136,1.0323,75.69744468588594,0.4761234861082097
2025-01-19,82.79400000000001,1.02746,80.58217159992331,0.5068475510571513
2025-01-26,79.475,1.04445,76.0954145233169,0.47862664572145464
2025-02-02,77.372,1.0431000000000001,74.17563031908918,0.46655154395698506
2025-02-09,75.4,1.03544,72.82261046799837,0.4580412893381117
2025-02-16,76.012,1.03952,73.12863808384728,0.45996614870302144
2025-02-23,76.1575,1.0448250000000001,72.89046545209914,0.4584680851396601
2025-03-02,74.252,1.04612,70.98230265419154,0.44646607995742765
2025-03-09,71.92999999999999,1.0695000000000001,67.27491763314296,0.4231472864645724
2025-03-16,71.542,1.0884,65.73093685653821,0.4134359215315605
2025-03-23,72.21000000000001,1.0876,66.39622778192282,0.4176204833220504
2025-03-30,74.35,1.0801,68.83627602392488,0.4329679535051601
2025-04-06,74.636,1.0905999999999998,68.47091014529144,0.43066986700353765
2025-04-13,66.098,1.10762,59.68422583196707,0.375403182851221
2025-04-20,67.7575,1.1348500000000001,59.704866711133384,0.3755330103161478
2025-04-27,67.92,1.139,59.63060575093422,0.3750659220623964
2025-05-04,63.496,1.13482,55.94951636696136,0.3519125234576498
2025-05-11,62.29,1.1303,55.11297645926203,0.3466508359756586
2025-05-18,65.536,1.11636,58.705271143400054,0.3692457316849809
2025-05-25,65.864,1.12928,58.32608323818094,0.36686070709039703
2025-06-01,64.74,1.133225,57.13047344885618,0.35934053381003594
2025-06-08,67.176,1.14132,58.85911592719954,0.37021338805814025
2025-06-15,71.054,1.14946,61.80735360827009,0.3887572795780164
2025-06-22,77.715,1.1539249999999999,67.35146464856615,0.4236287535997669
2025-06-29,69.962,1.1641400000000002,60.107878447091444,0.37806788257588014
2025-07-06,69.25,1.1773500000000001,58.818459932935255,0.3699576690731648
2025-07-13,71.774,1.17062,61.31250403179903,0.3856447636083392
2025-07-20,70.65599999999999,1.16324,60.74094426573231,0.38204975416689607
2025-07-27,70.086,1.17394,59.70254644658773,0.3755184162641457
2025-08-03,72.408,1.15198,62.862556911652305,0.3953943209926114
2025-08-10,68.166,1.1619199999999998,58.66999389496412,0.3690238440562067
2025-08-17,67.166,1.1669399999999999,57.55914971046402,0.36203683137906884
2025-08-24,67.822,1.16588,58.17292451144184,0.36589736589433
2025-08-31,67.77,1.165875,58.12812901403332,0.36561561016959454
2025-09-07,66.795,1.1684,57.17193357789647,0.35960131065996886
2025-09-14,67.22999999999999,1.1726800000000002,57.33115755151391,0.36060280118194515
2025-09-21,68.328,1.17996,57.905009004130875,0.3642122249248736
2025-09-28,69.22,1.1736,58.986673748710835,0.37101570410606427
2025-10-05,67.152,1.17262,57.266009503120756,0.3601930315253496
2025-10-12,66.65,1.16318,57.30051367534022,0.36041005664199094
2025-10-19,61.91,1.164625,53.16047052295793,0.33436992032655455
2025-10-26,63.222,1.16244,54.388664370907506,0.3420950415499853
2025-11-02,65.022,1.16128,55.99375845929569,0.3521907983627321
2025-11-09,64.3,1.15248,55.793646096036966,0.35093212713012367
2025-11-16,62.620000000000005,1.160075,53.980312085356445,0.33952657818159
2025-11-23,63.644000000000005,1.1551399999999998,55.09606681256351,0.3465444773004303
2025-11-30,64.425,1.15655,55.7052135616223,0.35037590219088544
2025-12-07,63.982000000000006,1.16346,54.992813593848574,0.3458950328885291
2025-12-14,62.604,1.16804,53.600538566626334,0.33713787018200436
2025-12-21,60.826,1.17448,51.79021660003078,0.3257512664559416
2025-12-28,63.20666666666667,1.1768666666666665,53.70698834259449,0.3378074203714423
2026-01-04,62.1825,1.1748750000000001,52.92657726824672,0.332898773284902
2026-01-11,62.926,1.1676600000000001,53.89298296169109,0.33897729350004147
2026-01-18,66.99600000000001,1.16354,57.57964014205017,0.36216571255543006
2026-01-25,67.005,1.173825,57.08196717134156,0.3590354379373255
2026-02-01,70.426,1.1926999999999999,59.047486088843826,0.371398202927559
2026-02-08,69.84,1.18086,59.143357314290824,0.3720012159125641
2026-02-15,70.696,1.1884000000000001,59.48796985040583,0.37416876757474404
2026-02-22,71.8675,1.1796,60.9279935222593,0.38322626077766925
2026-03-01,71.356,1.1802199999999998,60.46000320275027,0.3802826847651083
2026-03-08,85.282,1.16246,73.3768160169122,0.4615271438351073
2026-03-15,96.15599999999999,1.15544,83.24872601665624,0.5236197048604996
2026-03-22,111.398,1.1516600000000001,96.72175465857134,0.6083626627244451
2026-03-29,111.242,1.15594,96.2463436017552,0.605372411591861
2026-04-05,123.935,1.1533,107.46728569778239,0.6759501449664589
2026-04-12,124.605,1.16715,106.79754539851203,0.671737597404266
2026-04-19,114.43199999999999,1.17768,97.18097369767841,0.6112510689407209
2026-04-26,109.61800000000001,1.17346,93.42366920273807,0.5876182908208726
2026-05-03,119.63399999999999,1.1724999999999999,102.03607049918563,0.6417887657430208
2026-05-10,105.8775,1.174925,90.12357304132263,0.5668612719362126
2026-05-17,110.526,1.17058,94.43025733250043,0.593949551425591
2026-05-24,110.60799999999999,1.16126,95.24389011176817,0.5990671571371757
2026-05-31,97.0525,1.164475,83.35010239244033,0.5242573442636211
2026-06-07,98.94800000000001,1.16066,85.2510858986938,0.5362141929761164
2026-06-14,93.764,1.1547800000000001,81.1981561464298,0.5107219844794216
2026-06-21,81.13499999999999,1.156925,70.12740582648095,0.44108893070805133
2026-06-28,73.63399999999999,1.13902,64.64525720845367,0.4066071893202191
2026-07-05,69.955,1.14185,61.26500229137473,0.3853459860955596
2026-07-12,73.328,1.1424400000000001,64.18652620376294,0.40372185275376565
2026-07-19,82.926,1.14306,72.54707756516189,0.45630823630335743
2026-07-26,96.118,1.1398199999999998,84.33457553844552,0.5304495055472808
2026-08-02,91.628,1.14404,80.08433270563998,0.5037162328092234
2026-08-09,87.858,1.15326,76.18340898756414,0.4791801152771241
2026-08-16,92.514,1.15494,80.1032025156484,0.503834920563621
2026-08-23,94.202,1.1639599999999999,80.93222126099487,0.5090493012698829
2026-08-30,89.72999999999999,1.16482,77.03361908456172,0.48452778582249956
2026-09-06,99.0925,1.16065,85.37457176868959,0.5369908971720304
2026-09-13,113.6675,1.162175,97.80751638161536,0.6151919111727082
2026-09-20,124.146,1.15144,107.81148053608342,0.678115069383556
2026-09-27,117.08400000000002,1.14136,102.58746289771645,0.6452569260236148
