date,gasoline_with_tax,diesel_with_tax,gasoline_without_tax,diesel_without_tax,gasoline_ref,diesel_ref,gasoline_retail_margin,diesel_retail_margin
2019-01-07,1.403,1.302,0.49807,0.57286,1.19825,1.097,0.20475,0.20500000000000007
2019-01-14,1.418,1.328,0.51027,0.59399,1.2422,1.1502,0.17579999999999996,0.17780000000000018
2019-01-21,1.411,1.337,0.50457,0.6013099999999999,1.2508,1.1640000000000001,0.16020000000000012,0.17299999999999982
2019-01-28,1.413,1.345,0.5062,0.60782,1.247,1.1722,0.16599999999999993,0.17280000000000006
2019-02-04,1.412,1.348,0.50539,0.61025,1.2374,1.1716,0.17459999999999987,0.1764000000000001
2019-02-11,1.415,1.352,0.50783,0.61351,1.2546,1.1766,0.1604000000000001,0.1754
2019-02-18,1.426,1.361,0.51677,0.62082,1.2623333333333333,1.1853333333333333,0.16366666666666663,0.17566666666666664
2019-02-25,1.452,1.386,0.53791,0.64115,1.2996,1.2122,0.15239999999999987,0.17379999999999995
2019-03-04,1.455,1.392,0.54035,0.64603,1.2905,1.2135,0.1645000000000001,0.17849999999999988
2019-03-11,1.458,1.394,0.54279,0.64765,1.2968,1.2124000000000001,0.1612,0.18159999999999976
2019-03-18,1.471,1.394,0.55335,0.64765,1.3155999999999999,1.207,0.1554000000000002,0.18699999999999983
2019-03-25,1.486,1.39,0.56555,0.6444,1.31775,1.20375,0.16825,0.1862499999999998
2019-04-01,1.504,1.369,0.5801799999999999,0.62733,1.3682,1.2052,0.13579999999999992,0.16379999999999995
2019-04-08,1.526,1.374,0.5980700000000001,0.63139,1.394,1.2062,0.13200000000000012,0.16780000000000017
2019-04-15,1.546,1.383,0.61433,0.63871,1.4026,1.216,0.14339999999999997,0.16700000000000004
2019-04-29,1.564,1.392,0.6289600000000001,0.64603,1.4242000000000001,1.2336,0.13979999999999992,0.15839999999999987
2019-05-06,1.573,1.396,0.63628,0.64928,1.4306,1.2264,0.14239999999999986,0.16959999999999997
2019-05-13,1.563,1.392,0.62815,0.64603,1.4045999999999998,1.2294,0.1584000000000001,0.16259999999999986
2019-05-20,1.571,1.397,0.63466,0.6500900000000001,1.4018000000000002,1.232,0.1691999999999998,0.16500000000000004
2019-05-27,1.581,1.396,0.64279,0.64928,1.4312,1.2278,0.14979999999999993,0.1681999999999999
2019-06-03,1.57,1.374,0.6338400000000001,0.63139,1.4111999999999998,1.1994,0.15880000000000027,0.1746000000000001
2019-06-10,1.524,1.339,0.5964400000000001,0.60294,1.346,1.1552,0.17799999999999994,0.18379999999999996
2019-06-17,1.492,1.323,0.57043,0.58993,1.3181999999999998,1.1516,0.17380000000000018,0.1714
2019-06-24,1.488,1.327,0.5671799999999999,0.5931799999999999,1.314,1.1606,0.17399999999999993,0.16639999999999988
2019-07-01,1.497,1.338,0.5744900000000001,0.60212,1.343,1.1764,0.15400000000000014,0.1616000000000002
2019-07-08,1.506,1.341,0.5818099999999999,0.60456,1.3554,1.1736,0.15060000000000007,0.1674
2019-07-15,1.521,1.346,0.59401,0.60863,1.3692,1.182,0.15179999999999993,0.16400000000000015
2019-07-22,1.525,1.35,0.59726,0.61188,1.3756,1.1847999999999999,0.14939999999999998,0.16520000000000024
2019-07-29,1.516,1.35,0.58994,0.61188,1.3574,1.182,0.15860000000000007,0.16800000000000015
2019-08-05,1.52,1.354,0.5931900000000001,0.61513,1.3688,1.188,0.1512,0.16600000000000015
2019-08-12,1.505,1.341,0.581,0.60456,1.346,1.1545999999999998,0.1589999999999998,0.18640000000000012
2019-08-19,1.489,1.329,0.56799,0.59481,1.3279999999999998,1.1622,0.16100000000000025,0.16680000000000006
2019-08-26,1.487,1.334,0.56636,0.59887,1.3304,1.1652,0.15660000000000007,0.16880000000000006
2019-09-02,1.482,1.335,0.5622999999999999,0.5996900000000001,1.3316000000000001,1.1634,0.15039999999999987,0.17159999999999997
2019-09-09,1.48,1.342,0.56067,0.60538,1.3192,1.1722,0.16080000000000005,0.16980000000000017
2019-09-16,1.477,1.36,0.55823,0.62001,1.3246,1.1898,0.1524000000000001,0.17020000000000013
2019-09-23,1.502,1.383,0.57856,0.63871,1.3516,1.21,0.1504000000000001,0.17300000000000004
2019-09-30,1.5,1.382,0.5769299999999999,0.6379,1.3388,1.208,0.1612,0.17399999999999993
2019-10-07,1.493,1.372,0.57124,0.6297699999999999,1.3358,1.199,0.1572,0.17300000000000004
2019-10-14,1.487,1.364,0.56636,0.62326,1.3199999999999998,1.1992,0.16700000000000026,0.16480000000000006
2019-10-21,1.475,1.365,0.55661,0.6240800000000001,1.3092000000000001,1.1996,0.16579999999999995,0.1654
2019-10-28,1.474,1.363,0.55579,0.6224500000000001,1.3176,1.199,0.15639999999999987,0.16399999999999992
2019-11-04,1.482,1.365,0.5622999999999999,0.6240800000000001,1.3359999999999999,1.1995,0.14600000000000013,0.16549999999999998
2019-11-11,1.497,1.365,0.5744900000000001,0.6240800000000001,1.3486,1.2014,0.1484000000000001,0.16359999999999997
2019-11-18,1.495,1.367,0.57287,0.6257,1.3292,1.1996,0.16580000000000017,0.1674
2019-11-25,1.487,1.364,0.56636,0.62326,1.3248,1.1962,0.16220000000000012,0.16780000000000017
2019-12-02,1.49,1.366,0.5688,0.62489,1.3477999999999999,1.2076,0.1422000000000001,0.1584000000000001
2019-12-09,1.485,1.368,0.56474,0.62652,1.3218,1.1964000000000001,0.1632,0.17159999999999997
2019-12-16,1.481,1.369,0.56149,0.62733,1.325,1.207,0.15600000000000014,0.16199999999999992
2020-01-06,1.534,1.421,0.60457,0.6696,1.3468,1.229,0.18720000000000003,0.19199999999999995
2020-01-13,1.535,1.423,0.60539,0.67123,1.3528,1.2284000000000002,0.18219999999999992,0.19459999999999988
2020-01-20,1.53,1.406,0.6013200000000001,0.6574099999999999,1.3504,1.212,0.17959999999999998,0.19399999999999995
2020-01-27,1.522,1.387,0.59482,0.6419600000000001,1.3462,1.1966,0.17579999999999996,0.1903999999999999
2020-02-03,1.51,1.387,0.5850599999999999,0.6419600000000001,1.3088,1.166,0.20120000000000005,0.22100000000000009
2020-02-10,1.497,1.373,0.5744900000000001,0.63058,1.301,1.1522000000000001,0.19600000000000017,0.22079999999999989
2020-02-17,1.5,1.37,0.55222,0.60122,1.3084,1.1622,0.1916,0.2078000000000002
2020-02-24,1.508,1.366,0.5587300000000001,0.59797,1.3652000000000002,1.2112,0.14279999999999982,0.15480000000000005
2020-03-02,1.497,1.353,0.5497799999999999,0.5873999999999999,1.3406,1.1796,0.1564000000000001,0.1734
2020-03-09,1.466,1.328,0.52458,0.5670700000000001,1.2888,1.1396,0.17720000000000002,0.18840000000000012
2020-03-16,1.397,1.275,0.46848,0.52399,1.175,1.0618,0.22199999999999998,0.21319999999999983
2020-03-23,1.317,1.233,0.40344,0.48984,1.068,1.015,0.2489999999999999,0.2180000000000002
2020-03-30,1.26,1.226,0.3571,0.4841499999999999,1.033,1.0198,0.2270000000000001,0.20619999999999994
2020-04-06,1.26,1.229,0.3571,0.4865899999999999,1.0292,0.9960000000000001,0.23080000000000012,0.23299999999999998
2020-04-20,1.258,1.211,0.35547,0.47195,1.03925,0.971,0.21875,0.2400000000000001
2020-04-27,1.245,1.154,0.34491,0.42561,1.0304,0.9524000000000001,0.21460000000000012,0.20159999999999978
2020-05-04,1.237,1.126,0.3384,0.40285,1.0314,0.9390000000000001,0.2056,0.18699999999999983
2020-05-11,1.26,1.129,0.3571,0.40529,1.0442,0.9408,0.2158,0.18820000000000003
2020-05-18,1.286,1.139,0.37824,0.41342,1.0686,0.9468,0.21740000000000004,0.19220000000000004
2020-05-25,1.321,1.163,0.40669,0.43293,1.1102,0.9846,0.21079999999999988,0.1784
2020-06-01,1.33,1.169,0.41401,0.43781,1.134,0.9810000000000001,0.19600000000000017,0.18799999999999994
2020-06-08,1.336,1.172,0.41889,0.44025,1.143,0.9888,0.19300000000000006,0.18319999999999992
2020-06-15,1.349,1.184,0.4294599999999999,0.45,1.1694,1.0093999999999999,0.17959999999999998,0.1746000000000001
2020-06-22,1.365,1.195,0.44247,0.45894,1.1696,1.018,0.19540000000000002,0.17700000000000005
2020-06-29,1.378,1.204,0.45304,0.46626,1.1926,1.0336,0.1853999999999998,0.17039999999999988
2020-07-06,1.385,1.209,0.45873,0.4703299999999999,1.1798,1.0333999999999999,0.20520000000000005,0.1756000000000002
2020-07-13,1.401,1.235,0.47173,0.49147,1.1952,1.0484,0.20579999999999998,0.1866000000000001
2020-07-20,1.4,1.238,0.47092,0.4938999999999999,1.1911999999999998,1.0462,0.2088000000000001,0.19179999999999997
2020-07-27,1.395,1.238,0.46686,0.4938999999999999,1.1878,1.0488,0.20720000000000005,0.18920000000000003
2020-08-03,1.391,1.236,0.4636,0.49228,1.1800000000000002,1.0368,0.21099999999999985,0.19920000000000004
2020-08-10,1.39,1.236,0.46279,0.49228,1.1672,1.0406,0.2227999999999999,0.19540000000000002
2020-08-17,1.391,1.236,0.4636,0.49228,1.1814,1.0398,0.2096,0.19619999999999993
2020-08-24,1.394,1.241,0.46604,0.4963399999999999,1.1907999999999999,1.0399999999999998,0.20320000000000005,0.2010000000000003
2020-08-31,1.399,1.24,0.47011,0.4955299999999999,1.2094,1.0366,0.1896,0.20340000000000003
2020-09-07,1.4,1.223,0.47092,0.4817099999999999,1.2004000000000001,1.0257999999999998,0.19959999999999978,0.19720000000000026
2020-09-14,1.388,1.22,0.46117,0.47927,1.1868,0.9994,0.20119999999999982,0.22060000000000002
2020-09-21,1.384,1.211,0.45791,0.47195,1.1836,0.9992000000000001,0.2003999999999999,0.2118
2020-09-28,1.382,1.198,0.45629,0.46138,1.1956,1.0028000000000001,0.1863999999999999,0.19519999999999982
2020-10-05,1.383,1.198,0.4571,0.46138,1.1940000000000002,1.0071999999999999,0.18899999999999983,0.19080000000000008
2020-10-12,1.391,1.203,0.4636,0.46545,1.1952,1.0135999999999998,0.19579999999999997,0.18940000000000023
2020-10-19,1.394,1.207,0.46604,0.4687,1.1906,1.0208,0.2033999999999998,0.18620000000000014
2020-10-26,1.386,1.207,0.45954,0.4687,1.1792,1.0175999999999998,0.20679999999999987,0.18940000000000023
2020-11-02,1.374,1.201,0.4497799999999999,0.46382,1.1606,1.0046,0.21340000000000003,0.19640000000000013
2020-11-09,1.365,1.197,0.44247,0.46057,1.1454,1.0038,0.21960000000000002,0.19320000000000004
2020-11-16,1.377,1.211,0.45222,0.47195,1.1614,1.024,0.2156,0.18700000000000006
2020-11-23,1.38,1.217,0.45466,0.47683,1.1603999999999999,1.028,0.21960000000000002,0.18900000000000006
2020-11-30,1.389,1.231,0.46198,0.48821,1.1784000000000001,1.049,0.2105999999999999,0.18200000000000016
2020-12-07,1.394,1.239,0.46604,0.49472,1.1802,1.0588000000000002,0.2138,0.18019999999999992
2020-12-14,1.399,1.254,0.47011,0.50691,1.1882,1.0678,0.2108000000000001,0.18619999999999992
2020-12-21,1.405,1.262,0.47499,0.51342,1.1978,1.0766,0.20720000000000005,0.1854
2021-01-11,1.436,1.278,0.4995,0.52567,1.2231999999999998,1.098,0.2128000000000001,0.17999999999999994
2021-01-18,1.455,1.298,0.51495,0.5419299999999999,1.2528000000000001,1.1214,0.20219999999999994,0.1766000000000001
2021-01-25,1.46,1.303,0.51901,0.546,1.2536,1.1248,0.20639999999999992,0.17819999999999991
2021-02-01,1.463,1.291,0.5214500000000001,0.53624,1.2548,1.1198000000000001,0.20820000000000016,0.1711999999999998
2021-02-08,1.478,1.304,0.53365,0.5468099999999999,1.2706,1.1362,0.20740000000000003,0.16779999999999995
2021-02-15,1.492,1.323,0.54503,0.56226,1.2873999999999999,1.1586,0.20460000000000012,0.16439999999999988
2021-02-22,1.508,1.344,0.55804,0.57933,1.3054000000000001,1.1738,0.2025999999999999,0.17020000000000013
2021-03-01,1.527,1.355,0.57348,0.58828,1.3298,1.1844,0.19719999999999982,0.17060000000000008
2021-03-08,1.543,1.36,0.58649,0.59234,1.3397999999999999,1.1874,0.20320000000000005,0.1726000000000001
2021-03-15,1.56,1.368,0.6003099999999999,0.59885,1.3658000000000001,1.205,0.19419999999999993,0.16300000000000003
2021-03-22,1.565,1.369,0.60438,0.59966,1.3738,1.1994,0.19120000000000004,0.16959999999999997
2021-03-29,1.563,1.358,0.60275,0.59072,1.343,1.1778,0.21999999999999997,0.18020000000000014
2021-04-12,1.574,1.357,0.6116900000000001,0.5899,1.3699999999999999,1.193,0.20400000000000018,0.16399999999999992
2021-04-19,1.576,1.361,0.6133200000000001,0.59315,1.3679999999999999,1.2016,0.20800000000000018,0.1594
2021-04-26,1.587,1.367,0.62226,0.59803,1.377,1.2034,0.20999999999999996,0.16359999999999997
2021-05-03,1.582,1.373,0.6182000000000001,0.60291,1.374,1.2066000000000001,0.20799999999999996,0.16639999999999988
2021-05-10,1.6,1.39,0.63283,0.61673,1.3989999999999998,1.2280000000000002,0.2010000000000003,0.1619999999999997
2021-05-17,1.605,1.396,0.6369,0.62161,1.3922,1.2324,0.21279999999999988,0.16359999999999997
2021-05-24,1.598,1.394,0.63121,0.61998,1.3812,1.2298,0.2168000000000001,0.1641999999999999
2021-05-31,1.6,1.394,0.63283,0.61998,1.3792,1.2302,0.2208000000000001,0.16379999999999995
2021-06-07,1.614,1.41,0.64422,0.63299,1.3964,1.2562,0.21760000000000002,0.15379999999999994
2021-06-14,1.62,1.42,0.6490900000000001,0.64112,1.4016,1.2738,0.21840000000000015,0.14619999999999989
2021-06-21,1.631,1.43,0.65804,0.64925,1.4120000000000001,1.2853999999999999,0.21899999999999986,0.14460000000000006
2021-06-28,1.652,1.448,0.67511,0.66389,1.4312,1.296,0.22079999999999989,0.1519999999999999
2021-07-05,1.665,1.453,0.68568,0.66795,1.449,1.299,0.21599999999999997,0.15400000000000014
2021-07-12,1.671,1.455,0.69056,0.6695800000000001,1.4572,1.3028,0.2138,0.1522000000000001
2021-07-19,1.676,1.459,0.69462,0.67283,1.4662000000000002,1.3092000000000001,0.20979999999999976,0.14979999999999993
2021-07-26,1.668,1.45,0.68812,0.66551,1.449,1.2894,0.21899999999999986,0.16059999999999985
2021-08-02,1.677,1.452,0.69543,0.66714,1.4764,1.3054000000000001,0.2006000000000001,0.14659999999999984
2021-08-09,1.681,1.449,0.69869,0.6647000000000001,1.4752,1.2933999999999999,0.20579999999999998,0.15560000000000018
2021-08-16,1.677,1.442,0.69543,0.65901,1.4684000000000001,1.2803999999999998,0.2085999999999999,0.1616000000000002
2021-08-23,1.657,1.433,0.6791699999999999,0.6516900000000001,1.4484,1.2734,0.20860000000000012,0.15959999999999996
2021-08-30,1.659,1.484,0.6808,0.6931499999999999,1.4486,1.2802,0.21039999999999992,0.20379999999999998
2021-09-06,1.672,1.454,0.69137,0.66876,1.4708,1.3035999999999999,0.20119999999999982,0.1504000000000001
2021-09-13,1.675,1.458,0.6938099999999999,0.67202,1.4738,1.3086,0.20120000000000005,0.14939999999999998
2021-09-20,1.673,1.467,0.6921799999999999,0.67933,1.4752,1.3202,0.19779999999999998,0.14680000000000004
2021-09-27,1.67,1.48,0.68974,0.6899,1.4726,1.3324,0.19740000000000002,0.14759999999999995
2021-10-04,1.695,1.502,0.7100700000000001,0.7077899999999999,1.4975999999999998,1.362,0.19740000000000024,0.1399999999999999
2021-10-11,1.71,1.513,0.72226,0.71673,1.5273999999999999,1.3948,0.1826000000000001,0.11819999999999986
2021-10-18,1.724,1.536,0.7536499999999999,0.7454299999999999,1.5577999999999999,1.4140000000000001,0.16620000000000013,0.12199999999999989
2021-10-25,1.723,1.538,0.75283,0.74706,1.5422,1.4106,0.18080000000000007,0.12739999999999996
2021-11-01,1.733,1.542,0.7609600000000001,0.7503099999999999,1.5566,1.4086,0.1764000000000001,0.13339999999999996
2021-11-08,1.737,1.54,0.76422,0.7486799999999999,1.5732,1.4048,0.16380000000000017,0.1352
2021-11-15,1.729,1.541,0.75771,0.7495,1.56,1.4144,0.16900000000000004,0.12659999999999982
2021-11-22,1.718,1.532,0.7487699999999999,0.74218,1.5474,1.3992,0.17059999999999986,0.13280000000000003
2021-11-29,1.699,1.527,0.7333200000000001,0.73811,1.517,1.3958,0.18200000000000016,0.13119999999999998
2021-12-06,1.659,1.498,0.7008,0.71454,1.4458,1.344,0.21320000000000006,0.15399999999999991
2021-12-13,1.661,1.499,0.70243,0.71535,1.4688,1.3742,0.19219999999999993,0.12480000000000002
2021-12-20,1.664,1.503,0.70487,0.7186,1.4852,1.3824,0.17879999999999985,0.12059999999999982
2022-01-03,1.693,1.513,0.7284400000000001,0.72673,1.5145,1.39475,0.1785000000000001,0.11824999999999997
2022-01-10,1.701,1.541,0.73495,0.7495,1.5284,1.4116,0.1726000000000001,0.12939999999999996
2022-01-17,1.705,1.551,0.7382000000000001,0.75763,1.5455999999999999,1.4414,0.1594000000000002,0.10959999999999992
2022-01-24,1.736,1.591,0.7634,0.79015,1.5668,1.4712,0.16920000000000002,0.1197999999999999
2022-01-31,1.758,1.621,0.7812899999999999,0.8145399999999999,1.5814,1.4792,0.1766000000000001,0.14179999999999993
2022-02-07,1.783,1.638,0.80161,0.81911,1.6026,1.514,0.1803999999999999,0.12399999999999989
2022-02-14,1.801,1.648,0.81625,0.83649,1.6316,1.5277999999999998,0.1694,0.12020000000000008
2022-02-21,1.813,1.656,0.826,0.84299,1.6512,1.5372,0.16179999999999994,0.11880000000000002
2022-02-28,1.832,1.675,0.84145,0.8584400000000001,1.6623999999999999,1.5488,0.1696000000000002,0.1262000000000001
2022-03-07,1.917,1.812,0.91056,0.96982,1.7246,1.6526,0.19240000000000013,0.1594
2022-03-14,2.028,1.979,1.01752,1.1299100000000002,1.8948,1.9327999999999999,0.13319999999999999,0.04620000000000024
2022-03-21,1.927,1.847,0.93541,1.0226,1.7238,1.6734000000000002,0.20320000000000005,0.17359999999999975
2022-03-28,2.027,1.995,1.01671,1.15577,1.7864,1.8468,0.24060000000000015,0.1482000000000001
2022-04-04,1.989,1.927,0.98581,1.10049,1.8018,1.764,0.18720000000000003,0.16300000000000003
2022-04-11,1.948,1.864,0.95248,1.04927,1.7832000000000001,1.7372,0.16479999999999984,0.12680000000000002
2022-04-25,1.975,1.926,0.97443,1.09967,1.7993999999999999,1.8210000000000002,0.1756000000000002,0.10499999999999976
2022-05-02,1.878,1.84,1.02171,1.14515,1.8417999999999999,1.8346,0.03620000000000001,0.005400000000000071
2022-05-09,1.915,1.84,1.07187,1.15736,1.7762,1.7678,0.13880000000000003,0.07220000000000004
2022-05-16,1.952,1.797,1.10195,1.12241,1.8042000000000002,1.672,0.1477999999999997,0.125
2022-05-23,2.016,1.765,1.16619,1.0963900000000002,1.8954,1.652,0.12060000000000004,0.11299999999999999
2022-05-30,2.055,1.789,1.20263,1.1159,1.8794,1.6564,0.1756000000000002,0.13259999999999983
2022-06-06,2.171,1.893,1.30093,1.20298,1.9985,1.76375,0.17249999999999988,0.1292500000000001
2022-06-13,2.17,2.024,1.30012,1.30949,2.0066,1.8622,0.16339999999999977,0.16179999999999994
2022-06-20,2.121,2.08,1.26991,1.35806,1.9957999999999998,1.9065999999999999,0.1252000000000002,0.17340000000000022
2022-06-27,2.101,2.066,1.25073,1.34667,1.9468,1.8948,0.1541999999999999,0.1711999999999998
2022-07-04,2.084,1.993,1.2369100000000002,1.28733,1.9760000000000002,1.823,0.10799999999999987,0.17000000000000015
2022-07-11,2.019,1.923,1.18406,1.23041,1.8892,1.7591999999999999,0.12980000000000014,0.16380000000000017
2022-07-18,1.908,1.955,1.09382,1.2564300000000002,1.796,1.6994,0.11199999999999988,0.25560000000000005
2022-07-25,1.895,1.857,1.08325,1.17676,1.7678,1.6568,0.12719999999999998,0.20019999999999993
2022-08-01,1.889,1.83,1.0783699999999998,1.1548,1.7602,1.6346,0.12880000000000003,0.19540000000000002
2022-08-08,1.805,1.746,1.01008,1.08651,1.6765999999999999,1.5464,0.12840000000000007,0.1996
2022-08-15,1.787,1.729,0.99545,1.07269,1.5698,1.5026,0.21719999999999984,0.22640000000000016
2022-08-22,1.777,1.771,0.98732,1.1068399999999998,1.5382,1.5832000000000002,0.2387999999999999,0.18779999999999974
2022-08-29,1.781,1.865,0.99057,1.18326,1.55,1.6827999999999999,0.23099999999999987,0.18220000000000014
2022-09-05,1.719,1.829,0.94016,1.15399,1.4726,1.6778,0.24640000000000017,0.1512
2022-09-12,1.703,1.823,0.92715,1.14911,1.433,1.6536000000000002,0.27,0.16939999999999977
2022-09-19,1.695,1.76,0.92065,1.09789,1.4288,1.5872,0.2662,0.17280000000000006
2022-09-26,1.688,1.737,0.91496,1.0792,1.428,1.5448,0.26,0.19220000000000015
2022-10-03,1.701,1.752,0.88107,1.09071,1.4338000000000002,1.5699999999999998,0.2671999999999999,0.18200000000000016
2022-10-10,1.825,1.856,0.98188,1.17526,1.5256,1.6416,0.2993999999999999,0.21440000000000015
2022-10-17,1.886,1.954,1.03147,1.25494,1.6181999999999999,1.7508,0.26780000000000004,0.20320000000000005
2022-10-24,1.835,1.953,0.99001,1.25412,1.5952,1.7672,0.2398,0.18579999999999997
2022-10-31,1.817,1.941,0.97538,1.24437,1.593,1.7528,0.22399999999999998,0.18820000000000014
2022-11-07,1.823,1.879,0.99156,1.22485,1.6082,1.7066,0.21479999999999988,0.1724000000000001
2022-11-14,1.785,1.797,0.96067,1.15819,1.6048000000000002,1.6030000000000002,0.1801999999999997,0.19399999999999973
2022-11-21,1.703,1.701,0.894,1.08014,1.4971999999999999,1.5051999999999999,0.2058000000000002,0.1958000000000002
2022-11-28,1.648,1.644,0.84929,1.0338,1.4266,1.4586000000000001,0.22139999999999982,0.1853999999999998
2022-12-05,1.652,1.643,0.82888,0.99361,1.4146,1.4274,0.23739999999999983,0.2156
2022-12-12,1.593,1.563,0.78091,0.92857,1.39175,1.4100000000000001,0.20124999999999993,0.1529999999999998
2022-12-19,1.582,1.608,0.77197,0.96516,1.3566,1.4246,0.22540000000000004,0.1834
2022-12-26,1.6,1.607,0.7866000000000001,0.96434,1.366,1.4316,0.23399999999999999,0.1754
2023-01-02,1.67,1.634,0.83174,0.97328,1.4115,1.4725000000000001,0.25849999999999995,0.16149999999999975
2023-01-09,1.661,1.599,0.82443,0.94482,1.4474,1.467,0.2136,0.1319999999999999
2023-01-16,1.672,1.611,0.83337,0.95458,1.4667999999999999,1.4616,0.20520000000000005,0.14939999999999998
2023-01-23,1.705,1.634,0.8602000000000001,0.97328,1.4974,1.4846,0.2076,0.14939999999999998
2023-01-30,1.739,1.65,0.8878400000000001,0.98628,1.5204,1.5108000000000001,0.21860000000000013,0.13919999999999977
2023-02-06,1.689,1.58,0.86626,0.92937,1.4844000000000002,1.4208,0.2045999999999999,0.1592
2023-02-13,1.668,1.533,0.84919,0.89116,1.425,1.3418,0.24299999999999988,0.19119999999999981
2023-02-20,1.674,1.539,0.85407,0.89604,1.4462,1.3692,0.2278,0.16979999999999995
2023-02-27,1.668,1.521,0.84919,0.8814099999999999,1.4278,1.3484,0.24019999999999997,0.17259999999999986
2023-03-06,1.683,1.566,0.85412,0.9025,1.4416,1.3774000000000002,0.24140000000000006,0.18859999999999988
2023-03-13,1.688,1.552,0.85819,0.89112,1.4454,1.3867999999999998,0.24259999999999993,0.16520000000000024
2023-03-20,1.657,1.515,0.83298,0.8610399999999999,1.3936,1.3522,0.2634000000000001,0.16279999999999983
2023-03-27,1.667,1.507,0.84111,0.85453,1.3921999999999999,1.3492000000000002,0.27480000000000016,0.15779999999999972
2023-04-03,1.693,1.494,0.86225,0.84396,1.4672,1.3424,0.2258,0.15159999999999996
2023-04-10,1.707,1.498,0.87363,0.84722,1.5176,1.3348,0.1894,0.1632
2023-04-17,1.714,1.49,0.8793300000000001,0.8307100000000001,1.5417999999999998,1.3317999999999999,0.17220000000000013,0.15820000000000012
2023-04-24,1.673,1.473,0.84599,0.81689,1.482,1.3064,0.19100000000000006,0.16660000000000008
2023-05-01,1.659,1.454,0.81572,0.77937,1.4394,1.2698,0.21960000000000002,0.18419999999999992
2023-05-08,1.613,1.405,0.77832,0.73954,1.4376,1.2382,0.1754,0.16680000000000006
2023-05-15,1.637,1.425,0.79783,0.7557999999999999,1.4300000000000002,1.2494,0.20699999999999985,0.17559999999999998
2023-05-22,1.654,1.439,0.8116599999999999,0.76718,1.4384000000000001,1.2586,0.2155999999999998,0.18040000000000012
2023-05-29,1.678,1.444,0.83117,0.77124,1.475,1.2666,0.20299999999999985,0.1774
2023-06-05,1.664,1.439,0.80143,0.74718,1.4706,1.2614,0.19340000000000002,0.17759999999999998
2023-06-12,1.702,1.48,0.8323200000000001,0.78051,1.4975,1.2885,0.2044999999999999,0.1915
2023-06-19,1.685,1.482,0.8185,0.78214,1.4926,1.2937999999999998,0.19240000000000013,0.18820000000000014
2023-06-26,1.672,1.499,0.8079299999999999,0.79596,1.4882,1.323,0.18379999999999996,0.17600000000000016
2023-07-03,1.648,1.484,0.77007,0.76376,1.4651999999999998,1.2928000000000002,0.18280000000000007,0.19119999999999981
2023-07-10,1.681,1.519,0.7968999999999999,0.79222,1.5062,1.3182,0.17480000000000007,0.20079999999999987
2023-07-17,1.697,1.535,0.8099,0.80523,1.5294,1.3456,0.16759999999999997,0.1894
2023-07-24,1.719,1.539,0.8277899999999999,0.80848,1.5404,1.3414,0.1786000000000001,0.1976
2023-07-31,1.809,1.626,0.8826,0.85921,1.6114000000000002,1.4036,0.19759999999999978,0.22239999999999993
2023-08-07,1.823,1.688,0.89398,0.90962,1.6605999999999999,1.5,0.1624000000000001,0.18799999999999994
2023-08-14,1.827,1.706,0.89724,0.92425,1.6674,1.5176,0.15959999999999996,0.1883999999999999
2023-08-21,1.855,1.703,0.92,0.92181,1.7024000000000001,1.5146000000000002,0.15259999999999985,0.1883999999999999
2023-08-28,1.872,1.724,0.93382,0.93889,1.704,1.5328,0.16800000000000015,0.19120000000000004
2023-09-04,1.872,1.72,0.93382,0.93563,1.7144,1.5416,0.15760000000000018,0.1783999999999999
2023-09-11,1.859,1.752,0.92325,0.96165,1.682,1.5576,0.17700000000000005,0.1943999999999999
2023-09-18,1.857,1.805,0.92163,1.00474,1.7342,1.625,0.12280000000000002,0.17999999999999994
2023-09-25,1.865,1.805,0.93813,1.02474,1.7512,1.612,0.1137999999999999,0.19299999999999984
2023-10-02,1.853,1.782,0.92837,1.00604,1.7036000000000002,1.588,0.14939999999999976,0.19399999999999995
2023-10-09,1.798,1.744,0.88366,0.97515,1.6600000000000001,1.5577999999999999,0.1379999999999999,0.18620000000000014
2023-10-16,1.76,1.711,0.85276,0.94832,1.6214,1.5013999999999998,0.13860000000000006,0.20960000000000023
2023-10-23,1.774,1.726,0.86415,0.96051,1.6312000000000002,1.5378,0.14279999999999982,0.18819999999999992
2023-10-30,1.768,1.706,0.85927,0.94425,1.6026,1.5188000000000001,0.1654,0.1871999999999998
2023-11-06,1.764,1.692,0.85602,0.93287,1.5702,1.5050000000000001,0.19379999999999997,0.18699999999999983
2023-11-13,1.739,1.649,0.83569,0.89791,1.5482,1.4656,0.19080000000000008,0.1834
2023-11-20,1.703,1.631,0.8064199999999999,0.88328,1.5432000000000001,1.4374,0.15979999999999994,0.1936
2023-11-27,1.68,1.627,0.78772,0.88002,1.5096,1.44,0.17039999999999988,0.18700000000000006
2023-12-04,1.667,1.607,0.77715,0.86376,1.489,1.4346,0.17799999999999994,0.1723999999999999
2023-12-11,1.642,1.576,0.75683,0.83856,1.4812,1.4018,0.16079999999999983,0.17420000000000013
2023-12-18,1.628,1.554,0.7454500000000001,0.82067,1.4534,1.3838,0.17459999999999987,0.17020000000000013
2023-12-25,1.641,1.574,0.75602,0.83693,1.4724,1.4056,0.16860000000000008,0.1684000000000001
2024-01-01,1.643,1.567,0.75764,0.83124,1.463,1.3935,0.17999999999999994,0.1735
2024-01-08,1.644,1.552,0.75846,0.81905,1.44325,1.36775,0.20074999999999998,0.18425000000000002
2024-01-15,1.645,1.561,0.75927,0.82637,1.443,1.3718,0.20199999999999996,0.18920000000000003
2024-01-22,1.663,1.579,0.7739,0.841,1.4626000000000001,1.3936,0.2003999999999999,0.1854
2024-01-29,1.686,1.604,0.7926,0.86133,1.4991999999999999,1.425,0.18680000000000008,0.17900000000000005
2024-02-05,1.696,1.626,0.80073,0.87921,1.5186,1.4506000000000001,0.1774,0.17539999999999978
2024-02-12,1.706,1.647,0.80886,0.89628,1.5151999999999999,1.4376000000000002,0.19080000000000008,0.2093999999999998
2024-02-19,1.733,1.664,0.8308099999999999,0.91011,1.5634000000000001,1.486,0.16959999999999997,0.17799999999999994
2024-02-26,1.727,1.64,0.82594,0.89059,1.5542,1.4532,0.17280000000000006,0.18679999999999986
2024-03-04,1.734,1.63,0.83163,0.88246,1.5612,1.4368,0.17280000000000006,0.19319999999999982
2024-03-11,1.732,1.616,0.83,0.8710800000000001,1.5662,1.4262000000000001,0.16579999999999995,0.18979999999999997
2024-03-18,1.741,1.613,0.8373200000000001,0.86864,1.5522,1.411,0.18880000000000008,0.20199999999999996
2024-03-25,1.776,1.63,0.8657699999999999,0.88246,1.5968,1.4314,0.17920000000000003,0.1985999999999999
2024-04-01,1.796,1.62,0.88203,0.87433,1.6276,1.4183999999999999,0.1684000000000001,0.20160000000000022
2024-04-08,1.81,1.644,0.8934099999999999,0.89385,1.6438,1.4327999999999999,0.16620000000000013,0.21120000000000005
2024-04-15,1.81,1.632,0.8934099999999999,0.88409,1.6522,1.432,0.15780000000000016,0.19999999999999996
2024-04-22,1.821,1.608,0.90236,0.86458,1.6764,1.4204,0.14460000000000006,0.1876
2024-04-29,1.808,1.591,0.89179,0.85076,1.6361999999999999,1.3914,0.17180000000000017,0.1996
2024-05-06,1.786,1.57,0.8739,0.83368,1.6199999999999999,1.3798,0.16600000000000015,0.19020000000000015
2024-05-13,1.756,1.565,0.84951,0.82962,1.5778,1.3684,0.17819999999999991,0.19659999999999989
2024-05-20,1.749,1.553,0.84382,0.81986,1.5674,1.3628,0.1816000000000002,0.19019999999999992
2024-05-27,1.745,1.552,0.84057,0.81905,1.5676,1.367,0.1774,0.18500000000000005
2024-06-03,1.733,1.551,0.8308099999999999,0.81824,1.5484,1.3584,0.1846000000000001,0.19259999999999988
2024-06-10,1.702,1.523,0.80561,0.79547,1.5256,1.3306,0.1763999999999999,0.1923999999999999
2024-06-17,1.708,1.551,0.81049,0.81824,1.5326,1.3612,0.1754,0.18979999999999997
2024-06-24,1.726,1.585,0.82512,0.84588,1.552,1.3926,0.17399999999999993,0.1923999999999999
2024-07-01,1.737,1.594,0.8340700000000001,0.85319,1.5695999999999999,1.3992,0.16740000000000022,0.19480000000000008
2024-07-08,1.751,1.604,0.84545,0.86133,1.576,1.4247999999999998,0.17499999999999982,0.17920000000000025
2024-07-15,1.737,1.583,0.8340700000000001,0.84425,1.5684,1.409,0.16860000000000008,0.17399999999999993
2024-07-22,1.726,1.565,0.82512,0.82962,1.5518,1.3884,0.1741999999999999,0.17659999999999987
2024-07-29,1.713,1.553,0.81455,0.81986,1.5346,1.375,0.17840000000000011,0.17799999999999994
2024-08-05,1.713,1.544,0.81455,0.8125399999999999,1.5342,1.3672,0.17880000000000007,0.17680000000000007
2024-08-12,1.687,1.525,0.79341,0.7971,1.5131999999999999,1.3404,0.17380000000000018,0.18459999999999988
2024-08-19,1.689,1.53,0.79504,0.80116,1.5155999999999998,1.3476000000000001,0.17340000000000022,0.1823999999999999
2024-08-26,1.683,1.531,0.76262,0.77198,1.4676,1.3166,0.21540000000000004,0.21439999999999992
2024-09-02,1.67,1.53,0.75205,0.77116,1.49,1.3508,0.17999999999999994,0.17920000000000003
2024-09-09,1.642,1.526,0.7155199999999999,0.75291,1.4614,1.3404,0.18059999999999987,0.1856
2024-09-16,1.651,1.535,0.70792,0.74397,1.4506000000000001,1.3294000000000001,0.2003999999999999,0.20559999999999978
2024-09-23,1.662,1.536,0.71686,0.74478,1.4884,1.3554,0.17359999999999998,0.1806000000000001
2024-09-30,1.659,1.542,0.7144199999999999,0.74966,1.48,1.3616,0.17900000000000005,0.18040000000000012
2024-10-07,1.679,1.557,0.73068,0.76185,1.4754,1.3666,0.2036,0.1903999999999999
2024-10-14,1.707,1.583,0.7534400000000001,0.78299,1.5146,1.4006,0.19240000000000013,0.1823999999999999
2024-10-21,1.706,1.563,0.75263,0.76673,1.512,1.3820000000000001,0.19399999999999995,0.18099999999999983
2024-10-28,1.712,1.565,0.75751,0.76836,1.5033999999999998,1.3763999999999998,0.20860000000000012,0.1886000000000001
2024-11-04,1.681,1.558,0.7323099999999999,0.76267,1.4806000000000001,1.3699999999999999,0.2003999999999999,0.18800000000000017
2024-11-11,1.69,1.58,0.73962,0.78055,1.4916,1.395,0.1983999999999999,0.18500000000000005
2024-11-18,1.695,1.581,0.7436900000000001,0.78137,1.48,1.3905999999999998,0.21500000000000008,0.19040000000000012
2024-11-25,1.715,1.601,0.75995,0.79763,1.4926,1.4129999999999998,0.22240000000000015,0.18800000000000017
2024-12-02,1.704,1.601,0.75101,0.79763,1.501,1.4202,0.20300000000000007,0.18080000000000007
2024-12-09,1.699,1.591,0.74694,0.7895,1.4922,1.4056,0.2068000000000001,0.1854
2024-12-16,1.713,1.596,0.7583200000000001,0.7935599999999999,1.4942,1.4188,0.2188000000000001,0.17720000000000002
2024-12-23,1.718,1.609,0.76239,0.80413,1.5062000000000002,1.4402000000000001,0.21179999999999977,0.16879999999999984
2024-12-30,1.719,1.611,0.7632000000000001,0.80576,1.5071999999999999,1.4378,0.2118000000000002,0.17320000000000002
2025-01-06,1.746,1.633,0.78515,0.82364,1.52575,1.46525,0.22025000000000006,0.16775000000000007
2025-01-13,1.75,1.64,0.7884,0.82933,1.5498,1.4816,0.20019999999999993,0.15839999999999987
2025-01-20,1.776,1.687,0.8095399999999999,0.86754,1.5694000000000001,1.5314,0.2065999999999999,0.15559999999999996
2025-01-27,1.77,1.669,0.8046599999999999,0.85291,1.5632,1.5176,0.2068000000000001,0.15139999999999998
2025-02-03,1.763,1.645,0.7989700000000001,0.8334,1.551,1.4864000000000002,0.21199999999999997,0.15859999999999985
2025-02-10,1.772,1.646,0.80629,0.83421,1.5598,1.4904,0.21219999999999994,0.15559999999999996
2025-02-17,1.773,1.659,0.8071,0.84478,1.5742,1.487,0.19879999999999987,0.17199999999999993
2025-02-24,1.762,1.664,0.79816,0.84885,1.5662,1.4836,0.19579999999999997,0.1803999999999999
2025-03-03,1.74,1.641,0.78027,0.8301499999999999,1.5382,1.464,0.20179999999999998,0.17700000000000005
2025-03-10,1.699,1.606,0.74694,0.80169,1.4853999999999998,1.4322000000000001,0.21360000000000023,0.17379999999999995
2025-03-17,1.69,1.584,0.73962,0.7837999999999999,1.4528,1.4078,0.23719999999999986,0.17620000000000013
2025-03-24,1.708,1.581,0.75426,0.78137,1.4664,1.3876,0.24160000000000004,0.19340000000000002
2025-03-31,1.745,1.598,0.78434,0.7951900000000001,1.5048,1.404,0.2402000000000002,0.19400000000000017
2025-04-07,1.744,1.587,0.78353,0.78624,1.518,1.3969999999999998,0.22599999999999998,0.19000000000000017
2025-04-14,1.681,1.529,0.7323099999999999,0.73909,1.428,1.3279999999999998,0.2530000000000001,0.20100000000000007
2025-04-21,1.674,1.519,0.72662,0.73096,1.4308,1.3406,0.24319999999999986,0.1783999999999999
2025-04-28,1.687,1.532,0.73718,0.74153,1.4449999999999998,1.3544,0.24200000000000021,0.17759999999999998
2025-05-05,1.667,1.513,0.72092,0.7260800000000001,1.4347999999999999,1.3442,0.23220000000000018,0.16879999999999984
2025-05-12,1.666,1.503,0.72011,0.7179500000000001,1.4214,1.3336000000000001,0.24459999999999993,0.16939999999999977
2025-05-19,1.691,1.531,0.7404400000000001,0.74072,1.4578,1.3652000000000002,0.23320000000000007,0.16579999999999973
2025-05-26,1.684,1.522,0.73475,0.7333999999999999,1.4516,1.3614000000000002,0.23239999999999994,0.16059999999999985
2025-06-02,1.676,1.514,0.72824,0.72689,1.4468,1.3594000000000002,0.22919999999999985,0.15459999999999985
2025-06-09,1.679,1.518,0.73068,0.73015,1.4392,1.362,0.2398,0.15599999999999992
2025-06-16,1.693,1.535,0.7420599999999999,0.74397,1.4478,1.3798,0.24520000000000008,0.1552
2025-06-23,1.715,1.602,0.75995,0.79844,1.4774,1.4478,0.23760000000000003,0.15420000000000011
2025-06-30,1.694,1.577,0.74288,0.77811,1.4716,1.4326,0.22239999999999993,0.14439999999999986
2025-07-07,1.675,1.573,0.7274299999999999,0.77486,1.4362,1.4096,0.23880000000000012,0.1634
2025-07-14,1.69,1.604,0.73962,0.8000700000000001,1.4652,1.4507999999999999,0.2247999999999999,0.15320000000000022
2025-07-21,1.689,1.599,0.73881,0.796,1.4638,1.4412,0.22520000000000007,0.15779999999999994
2025-07-28,1.681,1.593,0.7323099999999999,0.79112,1.4562000000000002,1.4365999999999999,0.2247999999999999,0.1564000000000001
2025-08-04,1.704,1.588,0.75101,0.78706,1.4684000000000001,1.428,0.2355999999999998,0.16000000000000014
2025-08-11,1.696,1.559,0.7445,0.76348,1.4472,1.4011999999999998,0.2487999999999999,0.15780000000000016
2025-08-18,1.692,1.54,0.74125,0.74803,1.4369999999999998,1.3858000000000001,0.2550000000000001,0.1541999999999999
2025-08-25,1.697,1.545,0.7453099999999999,0.7521,1.4426,1.3862,0.25439999999999996,0.15879999999999983
2025-09-01,1.698,1.548,0.74613,0.75454,1.4532,1.4002,0.2447999999999999,0.14780000000000015
2025-09-08,1.711,1.565,0.7567,0.76836,1.4798000000000002,1.4102000000000001,0.23119999999999985,0.15479999999999983
2025-09-15,1.71,1.561,0.75588,0.7651100000000001,1.4954,1.4032,0.2145999999999999,0.15779999999999994
2025-09-22,1.716,1.568,0.76076,0.7707999999999999,1.4940000000000002,1.4103999999999999,0.22199999999999975,0.15760000000000018
2025-09-29,1.707,1.572,0.7534400000000001,0.7740499999999999,1.4764,1.4148,0.23060000000000014,0.1572
2025-10-06,1.701,1.553,0.7485668292682927,0.75860162601626,1.4632,1.4098,0.2378,0.1432
2025-10-13,1.698,1.543,0.7461278048780488,0.7504715447154472,1.4482,1.3866,0.24980000000000002,0.15639999999999987
2025-10-20,1.697,1.527,0.7453147967479674,0.7374634146341463,1.4414,1.3694,0.25560000000000005,0.15759999999999996
2025-10-27,1.686,1.542,0.7363717073170731,0.7496585365853659,1.4478,1.3754000000000002,0.23819999999999997,0.16659999999999986
2025-11-03,1.703,1.584,0.7501928455284553,0.7838048780487804,1.4716,1.4289999999999998,0.23140000000000005,0.15500000000000025
2025-11-10,1.706,1.604,0.7526318699186991,0.8000650406504064,1.4692,1.4464000000000001,0.2367999999999999,0.15759999999999996
2025-11-17,1.732,1.609,0.773770081300813,0.804130081300813,1.4886,1.4474,0.24340000000000006,0.16159999999999997
2025-11-24,1.723,1.632,0.7664530081300813,0.822829268292683,1.4818,1.4646000000000001,0.24120000000000008,0.16739999999999977
2025-12-01,1.709,1.604,0.7388108943089431,0.7756750406504066,1.4396,1.4112,0.2694000000000001,0.19280000000000008
2025-12-08,1.7,1.579,0.7314938211382114,0.755349837398374,1.4574,1.4220000000000002,0.24259999999999993,0.1569999999999998
2025-12-15,1.679,1.552,0.7144206504065042,0.733398617886179,1.437,1.4087999999999998,0.242,0.14320000000000022
2025-12-22,1.651,1.525,0.6916564227642277,0.7114473983739837,1.388,1.3805999999999998,0.2630000000000001,0.14440000000000008
2025-12-29,1.654,1.526,0.6940954471544715,0.7122604065040651,1.387,1.3824,0.2669999999999999,0.14359999999999995
2026-01-05,1.656,1.534,0.68971,0.71221,1.3908,1.3866,0.2651999999999999,0.14739999999999998
2026-01-12,1.659,1.537,0.6921527058178781,0.7146529240239593,1.39,1.3824,0.26900000000000013,0.15459999999999985
2026-01-19,1.663,1.556,0.6954047383382033,0.7301000784955041,1.4204,1.409,0.24259999999999993,0.14700000000000002
2026-01-26,1.665,1.573,0.6970307545983659,0.7439212167068862,1.424,1.426,0.2410000000000001,0.14700000000000002
2026-02-02,1.665,1.585,0.6970307545983659,0.7536773142678618,1.4213999999999998,1.4358,0.24360000000000026,0.1492
2026-02-09,1.674,1.586,0.7043478277690977,0.7544903223979431,1.4242000000000001,1.4462,0.2497999999999998,0.13980000000000015
2026-02-16,1.684,1.582,0.7124779090699106,0.751238289877618,1.4404,1.4327999999999999,0.24360000000000004,0.14920000000000022
2026-02-23,1.686,1.6,0.7141039253300733,0.7658724362190812,1.439,1.4384000000000001,0.2469999999999999,0.16159999999999997
2026-03-02,1.703,1.63,0.7279250635414553,0.7902626801215203,1.468,1.4768000000000001,0.2350000000000001,0.15319999999999978
2026-03-09,1.776,1.817,0.7872746570373903,0.9778252004467236,1.5398,1.6472000000000002,0.23619999999999997,0.16979999999999973
2026-03-16,1.849,1.915,0.8736142505333253,1.0719399971946912,1.6603999999999999,1.7532,0.1886000000000001,0.16179999999999994
2026-03-23,1.922,2.046,0.94705384402926,1.2047040622353415,1.7274,1.86,0.19459999999999988,0.18599999999999972
2026-03-30,1.917,2.072,0.9429888033788536,1.2258422736174552,1.6908,1.8963999999999999,0.22619999999999996,0.1756000000000002
2026-04-06,1.938,2.131,0.9648219741105608,1.281009753292252,1.734,1.9844000000000002,0.20399999999999996,0.14659999999999962
2026-04-13,1.911,2.083,0.9428707545983658,1.2419853630483495,1.7149999999999999,1.9864000000000002,0.19600000000000017,0.09660000000000002
2026-04-20,1.899,1.98,0.9331146570373902,1.1432055256499758,1.6738,1.8123999999999998,0.22520000000000007,0.1676000000000002
2026-04-27,1.927,1.958,0.9558788846796668,1.1169393467881872,1.6780000000000002,1.7475999999999998,0.2489999999999999,0.21040000000000014
2026-05-04,1.99,2.028,1.0132283968747886,1.189319915893878,1.7596,1.8643999999999998,0.23039999999999994,0.1636000000000002
2026-05-11,1.979,1.968,1.0021153074438944,1.125839428089,1.7498,1.7982,0.22920000000000007,0.16979999999999995
2026-05-18,2.009,1.954,1.0339555513463332,1.114187314267862,1.7616,1.7489999999999999,0.24739999999999984,0.20500000000000007
2026-05-25,2.023,1.958,1.0484876651674715,1.1204893467881871,1.782,1.7682000000000002,0.2410000000000001,0.18979999999999975
2026-06-01,1.937,1.872,0.9603489659804798,1.0314306476011952,1.6911999999999998,1.6765999999999999,0.24580000000000024,0.19540000000000024
2026-06-08,1.918,1.883,0.944691811508935,1.0474037370320894,1.6620000000000001,1.6842,0.2559999999999998,0.1988000000000001
2026-06-15,1.919,1.857,0.9448148196390164,1.0182255256499757,1.6583999999999999,1.6573999999999998,0.26060000000000016,0.19960000000000022
2026-06-22,1.882,1.779,0.9046635188260082,0.9362608915036342,1.6073999999999997,1.5688,0.2746000000000002,0.21019999999999994
2026-06-29,1.876,1.767,0.8997854700455202,0.9265047939426586,1.6222,1.581,0.2537999999999998,0.18599999999999994
2026-07-06,1.898,1.795,0.921591648907309,0.954749021584935,1.6445999999999998,1.596,0.25340000000000007,0.19899999999999984
2026-07-13,1.913,1.848,0.9391667708585284,1.009848452479244,1.702,1.6583999999999999,0.21100000000000008,0.1896000000000002
2026-07-20,1.972,1.96,0.9930442505333252,1.1186853630483498,1.7366,1.7553999999999998,0.23540000000000005,0.20460000000000012
2026-07-27,1.99,2.026,1.0162583968747887,1.1874638996337152,1.7902,1.8366,0.19979999999999998,0.1893999999999998
2026-08-03,1.982,2.049,1.0071743318341382,1.2096730866255851,1.7648,1.8496,0.21720000000000006,0.19940000000000002
2026-08-10,1.896,1.975,0.9202256326471464,1.129910484999569,1.6596,1.7698,0.23639999999999994,0.20520000000000005
2026-08-17,1.954,2.026,0.9816001041918616,1.1927338996337156,1.7654,1.86,0.18859999999999988,0.1659999999999997
2026-08-24,1.986,2.066,1.011986364354463,1.2263442248369674,1.7902,1.862,0.19579999999999997,0.20399999999999974
2026-08-31,2.013,2.029,1.0315775838666583,1.1862829240239594,1.7962,1.8234000000000001,0.21679999999999988,0.20559999999999978
2026-09-07,2.093,2.104,1.1204782342731625,1.272118533780057,1.916,1.9174,0.17700000000000005,0.1866000000000001
2026-09-14,2.072,2.152,1.0938450635414554,1.3122329240239594,1.8638,1.9329999999999998,0.20820000000000016,0.2190000000000003
2026-09-21,2.107,2.21,1.130600348094301,1.3706273955686747,1.9251999999999998,2.0208,0.1818000000000004,0.18920000000000003
2026-09-28,2.099,2.186,1.1233062830536504,1.3425852004467236,1.9154,1.9731999999999998,0.1836000000000002,0.2128000000000001
