date,gasoline_with_tax,diesel_with_tax,gasoline_without_tax,diesel_without_tax
2019-01-07,1.403,1.302,0.49807,0.57286
2019-01-14,1.418,1.328,0.51027,0.59399
2019-01-21,1.411,1.337,0.50457,0.6013099999999999
2019-01-28,1.413,1.345,0.5062,0.60782
2019-02-04,1.412,1.348,0.50539,0.61025
2019-02-11,1.415,1.352,0.50783,0.61351
2019-02-18,1.426,1.361,0.51677,0.62082
2019-02-25,1.452,1.386,0.53791,0.64115
2019-03-04,1.455,1.392,0.54035,0.64603
2019-03-11,1.458,1.394,0.54279,0.64765
2019-03-18,1.471,1.394,0.55335,0.64765
2019-03-25,1.486,1.39,0.56555,0.6444
2019-04-01,1.504,1.369,0.5801799999999999,0.62733
2019-04-08,1.526,1.374,0.5980700000000001,0.63139
2019-04-15,1.546,1.383,0.61433,0.63871
2019-04-29,1.564,1.392,0.6289600000000001,0.64603
2019-05-06,1.573,1.396,0.63628,0.64928
2019-05-13,1.563,1.392,0.62815,0.64603
2019-05-20,1.571,1.397,0.63466,0.6500900000000001
2019-05-27,1.581,1.396,0.64279,0.64928
2019-06-03,1.57,1.374,0.6338400000000001,0.63139
2019-06-10,1.524,1.339,0.5964400000000001,0.60294
2019-06-17,1.492,1.323,0.57043,0.58993
2019-06-24,1.488,1.327,0.5671799999999999,0.5931799999999999
2019-07-01,1.497,1.338,0.5744900000000001,0.60212
2019-07-08,1.506,1.341,0.5818099999999999,0.60456
2019-07-15,1.521,1.346,0.59401,0.60863
2019-07-22,1.525,1.35,0.59726,0.61188
2019-07-29,1.516,1.35,0.58994,0.61188
2019-08-05,1.52,1.354,0.5931900000000001,0.61513
2019-08-12,1.505,1.341,0.581,0.60456
2019-08-19,1.489,1.329,0.56799,0.59481
2019-08-26,1.487,1.334,0.56636,0.59887
2019-09-02,1.482,1.335,0.5622999999999999,0.5996900000000001
2019-09-09,1.48,1.342,0.56067,0.60538
2019-09-16,1.477,1.36,0.55823,0.62001
2019-09-23,1.502,1.383,0.57856,0.63871
2019-09-30,1.5,1.382,0.5769299999999999,0.6379
2019-10-07,1.493,1.372,0.57124,0.6297699999999999
2019-10-14,1.487,1.364,0.56636,0.62326
2019-10-21,1.475,1.365,0.55661,0.6240800000000001
2019-10-28,1.474,1.363,0.55579,0.6224500000000001
2019-11-04,1.482,1.365,0.5622999999999999,0.6240800000000001
2019-11-11,1.497,1.365,0.5744900000000001,0.6240800000000001
2019-11-18,1.495,1.367,0.57287,0.6257
2019-11-25,1.487,1.364,0.56636,0.62326
2019-12-02,1.49,1.366,0.5688,0.62489
2019-12-09,1.485,1.368,0.56474,0.62652
2019-12-16,1.481,1.369,0.56149,0.62733
2020-01-06,1.534,1.421,0.60457,0.6696
2020-01-13,1.535,1.423,0.60539,0.67123
2020-01-20,1.53,1.406,0.6013200000000001,0.6574099999999999
2020-01-27,1.522,1.387,0.59482,0.6419600000000001
2020-02-03,1.51,1.387,0.5850599999999999,0.6419600000000001
2020-02-10,1.497,1.373,0.5744900000000001,0.63058
2020-02-17,1.5,1.37,0.55222,0.60122
2020-02-24,1.508,1.366,0.5587300000000001,0.59797
2020-03-02,1.497,1.353,0.5497799999999999,0.5873999999999999
2020-03-09,1.466,1.328,0.52458,0.5670700000000001
2020-03-16,1.397,1.275,0.46848,0.52399
2020-03-23,1.317,1.233,0.40344,0.48984
2020-03-30,1.26,1.226,0.35710000000000003,0.48414999999999997
2020-04-06,1.26,1.229,0.35710000000000003,0.48658999999999997
2020-04-20,1.258,1.211,0.35547,0.47195
2020-04-27,1.245,1.154,0.34491000000000005,0.42561
2020-05-04,1.237,1.126,0.3384,0.40285000000000004
2020-05-11,1.26,1.129,0.35710000000000003,0.40529000000000004
2020-05-18,1.286,1.139,0.37824,0.41342
2020-05-25,1.321,1.163,0.40669,0.43293
2020-06-01,1.33,1.169,0.41401,0.43781
2020-06-08,1.336,1.172,0.41889,0.44025
2020-06-15,1.349,1.184,0.42945999999999995,0.45
2020-06-22,1.365,1.195,0.44247000000000003,0.45894
2020-06-29,1.378,1.204,0.45304,0.46626
2020-07-06,1.385,1.209,0.45873,0.47032999999999997
2020-07-13,1.401,1.235,0.47173000000000004,0.49147
2020-07-20,1.4,1.238,0.47092,0.49389999999999995
2020-07-27,1.395,1.238,0.46686,0.49389999999999995
2020-08-03,1.391,1.236,0.4636,0.49228
2020-08-10,1.39,1.236,0.46279000000000003,0.49228
2020-08-17,1.391,1.236,0.4636,0.49228
2020-08-24,1.394,1.241,0.46604,0.49633999999999995
2020-08-31,1.399,1.24,0.47011000000000003,0.49552999999999997
2020-09-07,1.4,1.223,0.47092,0.48170999999999997
2020-09-14,1.388,1.22,0.46117,0.47927
2020-09-21,1.384,1.211,0.45791000000000004,0.47195
2020-09-28,1.382,1.198,0.45629000000000003,0.46138
2020-10-05,1.383,1.198,0.4571,0.46138
2020-10-12,1.391,1.203,0.4636,0.46545
2020-10-19,1.394,1.207,0.46604,0.4687
2020-10-26,1.386,1.207,0.45954,0.4687
2020-11-02,1.374,1.201,0.44977999999999996,0.46382
2020-11-09,1.365,1.197,0.44247000000000003,0.46057
2020-11-16,1.377,1.211,0.45222,0.47195
2020-11-23,1.38,1.217,0.45466,0.47683
2020-11-30,1.389,1.231,0.46198,0.48821
2020-12-07,1.394,1.239,0.46604,0.49472000000000005
2020-12-14,1.399,1.254,0.47011000000000003,0.50691
2020-12-21,1.405,1.262,0.47499,0.51342
2021-01-11,1.436,1.278,0.4995,0.52567
2021-01-18,1.455,1.298,0.51495,0.5419299999999999
2021-01-25,1.46,1.303,0.51901,0.546
2021-02-01,1.463,1.291,0.5214500000000001,0.53624
2021-02-08,1.478,1.304,0.53365,0.5468099999999999
2021-02-15,1.492,1.323,0.54503,0.56226
2021-02-22,1.508,1.344,0.55804,0.57933
2021-03-01,1.527,1.355,0.57348,0.58828
2021-03-08,1.543,1.36,0.58649,0.59234
2021-03-15,1.56,1.368,0.6003099999999999,0.59885
2021-03-22,1.565,1.369,0.60438,0.59966
2021-03-29,1.563,1.358,0.60275,0.59072
2021-04-12,1.574,1.357,0.6116900000000001,0.5899
2021-04-19,1.576,1.361,0.6133200000000001,0.59315
2021-04-26,1.587,1.367,0.62226,0.59803
2021-05-03,1.582,1.373,0.6182000000000001,0.60291
2021-05-10,1.6,1.39,0.63283,0.61673
2021-05-17,1.605,1.396,0.6369,0.62161
2021-05-24,1.598,1.394,0.63121,0.61998
2021-05-31,1.6,1.394,0.63283,0.61998
2021-06-07,1.614,1.41,0.64422,0.63299
2021-06-14,1.62,1.42,0.6490900000000001,0.64112
2021-06-21,1.631,1.43,0.65804,0.64925
2021-06-28,1.652,1.448,0.67511,0.66389
2021-07-05,1.665,1.453,0.68568,0.66795
2021-07-12,1.671,1.455,0.69056,0.6695800000000001
2021-07-19,1.676,1.459,0.69462,0.67283
2021-07-26,1.668,1.45,0.68812,0.66551
2021-08-02,1.677,1.452,0.69543,0.66714
2021-08-09,1.681,1.449,0.69869,0.6647000000000001
2021-08-16,1.677,1.442,0.69543,0.65901
2021-08-23,1.657,1.433,0.6791699999999999,0.6516900000000001
2021-08-30,1.659,1.484,0.6808,0.6931499999999999
2021-09-06,1.672,1.454,0.69137,0.66876
2021-09-13,1.675,1.458,0.6938099999999999,0.67202
2021-09-20,1.673,1.467,0.6921799999999999,0.67933
2021-09-27,1.67,1.48,0.68974,0.6899
2021-10-04,1.695,1.502,0.7100700000000001,0.7077899999999999
2021-10-11,1.71,1.513,0.72226,0.71673
2021-10-18,1.724,1.536,0.7536499999999999,0.7454299999999999
2021-10-25,1.723,1.538,0.75283,0.74706
2021-11-01,1.733,1.542,0.7609600000000001,0.7503099999999999
2021-11-08,1.737,1.54,0.76422,0.7486799999999999
2021-11-15,1.729,1.541,0.75771,0.7495
2021-11-22,1.718,1.532,0.7487699999999999,0.74218
2021-11-29,1.699,1.527,0.7333200000000001,0.73811
2021-12-06,1.659,1.498,0.7008,0.71454
2021-12-13,1.661,1.499,0.70243,0.71535
2021-12-20,1.664,1.503,0.70487,0.7186
2022-01-03,1.693,1.513,0.7284400000000001,0.72673
2022-01-10,1.701,1.541,0.73495,0.7495
2022-01-17,1.705,1.551,0.7382000000000001,0.75763
2022-01-24,1.736,1.591,0.7634,0.79015
2022-01-31,1.758,1.621,0.7812899999999999,0.8145399999999999
2022-02-07,1.783,1.638,0.80161,0.81911
2022-02-14,1.801,1.648,0.81625,0.83649
2022-02-21,1.813,1.656,0.826,0.84299
2022-02-28,1.832,1.675,0.84145,0.8584400000000001
2022-03-07,1.917,1.812,0.9105599999999999,0.96982
2022-03-14,2.028,1.979,1.01752,1.1299100000000002
2022-03-21,1.927,1.847,0.93541,1.0226
2022-03-28,2.027,1.995,1.01671,1.15577
2022-04-04,1.989,1.927,0.98581,1.10049
2022-04-11,1.948,1.864,0.95248,1.04927
2022-04-25,1.975,1.926,0.9744299999999999,1.0996700000000001
2022-05-02,1.878,1.84,1.0217100000000001,1.1451500000000001
2022-05-09,1.915,1.84,1.0718699999999999,1.15736
2022-05-16,1.952,1.797,1.10195,1.1224100000000001
2022-05-23,2.016,1.765,1.16619,1.0963900000000002
2022-05-30,2.055,1.789,1.20263,1.1159000000000001
2022-06-06,2.171,1.893,1.3009300000000001,1.20298
2022-06-13,2.17,2.024,1.30012,1.30949
2022-06-20,2.121,2.08,1.26991,1.35806
2022-06-27,2.101,2.066,1.2507300000000001,1.34667
2022-07-04,2.084,1.993,1.2369100000000002,1.2873299999999999
2022-07-11,2.019,1.923,1.18406,1.23041
2022-07-18,1.908,1.955,1.09382,1.2564300000000002
2022-07-25,1.895,1.857,1.08325,1.17676
2022-08-01,1.889,1.83,1.0783699999999998,1.1548
2022-08-08,1.805,1.746,1.01008,1.08651
2022-08-15,1.787,1.729,0.9954500000000001,1.0726900000000001
2022-08-22,1.777,1.771,0.9873200000000001,1.1068399999999998
2022-08-29,1.781,1.865,0.9905700000000001,1.18326
2022-09-05,1.719,1.829,0.94016,1.15399
2022-09-12,1.703,1.823,0.92715,1.1491099999999999
2022-09-19,1.695,1.76,0.92065,1.09789
2022-09-26,1.688,1.737,0.91496,1.0792
2022-10-03,1.701,1.752,0.88107,1.09071
2022-10-10,1.825,1.856,0.98188,1.17526
2022-10-17,1.886,1.954,1.03147,1.25494
2022-10-24,1.835,1.953,0.99001,1.25412
2022-10-31,1.817,1.941,0.97538,1.24437
2022-11-07,1.823,1.879,0.99156,1.22485
2022-11-14,1.785,1.797,0.9606699999999999,1.15819
2022-11-21,1.703,1.701,0.894,1.08014
2022-11-28,1.648,1.644,0.84929,1.0338
2022-12-05,1.652,1.643,0.82888,0.99361
2022-12-12,1.593,1.563,0.78091,0.92857
2022-12-19,1.582,1.608,0.77197,0.96516
2022-12-26,1.6,1.607,0.7866000000000001,0.9643400000000001
2023-01-02,1.67,1.634,0.83174,0.9732799999999999
2023-01-09,1.661,1.599,0.82443,0.9448200000000001
2023-01-16,1.672,1.611,0.83337,0.9545800000000001
2023-01-23,1.705,1.634,0.8602000000000001,0.9732799999999999
2023-01-30,1.739,1.65,0.8878400000000001,0.9862799999999999
2023-02-06,1.689,1.58,0.86626,0.92937
2023-02-13,1.668,1.533,0.84919,0.89116
2023-02-20,1.674,1.539,0.85407,0.89604
2023-02-27,1.668,1.521,0.84919,0.8814099999999999
2023-03-06,1.683,1.566,0.85412,0.9025
2023-03-13,1.688,1.552,0.85819,0.89112
2023-03-20,1.657,1.515,0.83298,0.8610399999999999
2023-03-27,1.667,1.507,0.84111,0.85453
2023-04-03,1.693,1.494,0.86225,0.84396
2023-04-10,1.707,1.498,0.87363,0.84722
2023-04-17,1.714,1.49,0.8793300000000001,0.8307100000000001
2023-04-24,1.673,1.473,0.84599,0.81689
2023-05-01,1.659,1.454,0.81572,0.77937
2023-05-08,1.613,1.405,0.77832,0.73954
2023-05-15,1.637,1.425,0.79783,0.7557999999999999
2023-05-22,1.654,1.439,0.8116599999999999,0.76718
2023-05-29,1.678,1.444,0.83117,0.77124
2023-06-05,1.664,1.439,0.80143,0.74718
2023-06-12,1.702,1.48,0.8323200000000001,0.78051
2023-06-19,1.685,1.482,0.8185,0.78214
2023-06-26,1.672,1.499,0.8079299999999999,0.79596
2023-07-03,1.648,1.484,0.77007,0.76376
2023-07-10,1.681,1.519,0.7968999999999999,0.79222
2023-07-17,1.697,1.535,0.8099,0.80523
2023-07-24,1.719,1.539,0.8277899999999999,0.80848
2023-07-31,1.809,1.626,0.8826,0.85921
2023-08-07,1.823,1.688,0.89398,0.90962
2023-08-14,1.827,1.706,0.89724,0.92425
2023-08-21,1.855,1.703,0.92,0.9218099999999999
2023-08-28,1.872,1.724,0.9338200000000001,0.93889
2023-09-04,1.872,1.72,0.9338200000000001,0.93563
2023-09-11,1.859,1.752,0.92325,0.96165
2023-09-18,1.857,1.805,0.92163,1.00474
2023-09-25,1.865,1.805,0.93813,1.02474
2023-10-02,1.853,1.782,0.92837,1.00604
2023-10-09,1.798,1.744,0.88366,0.97515
2023-10-16,1.76,1.711,0.85276,0.94832
2023-10-23,1.774,1.726,0.86415,0.96051
2023-10-30,1.768,1.706,0.85927,0.94425
2023-11-06,1.764,1.692,0.85602,0.93287
2023-11-13,1.739,1.649,0.83569,0.89791
2023-11-20,1.703,1.631,0.8064199999999999,0.88328
2023-11-27,1.68,1.627,0.78772,0.88002
2023-12-04,1.667,1.607,0.77715,0.86376
2023-12-11,1.642,1.576,0.75683,0.83856
2023-12-18,1.628,1.554,0.7454500000000001,0.82067
2023-12-25,1.641,1.574,0.75602,0.83693
2024-01-01,1.643,1.567,0.75764,0.83124
2024-01-08,1.644,1.552,0.75846,0.81905
2024-01-15,1.645,1.561,0.75927,0.82637
2024-01-22,1.663,1.579,0.7739,0.841
2024-01-29,1.686,1.604,0.7926,0.86133
2024-02-05,1.696,1.626,0.80073,0.87921
2024-02-12,1.706,1.647,0.80886,0.89628
2024-02-19,1.733,1.664,0.8308099999999999,0.91011
2024-02-26,1.727,1.64,0.82594,0.89059
2024-03-04,1.734,1.63,0.83163,0.88246
2024-03-11,1.732,1.616,0.83,0.8710800000000001
2024-03-18,1.741,1.613,0.8373200000000001,0.86864
2024-03-25,1.776,1.63,0.8657699999999999,0.88246
2024-04-01,1.796,1.62,0.88203,0.87433
2024-04-08,1.81,1.644,0.8934099999999999,0.89385
2024-04-15,1.81,1.632,0.8934099999999999,0.88409
2024-04-22,1.821,1.608,0.90236,0.86458
2024-04-29,1.808,1.591,0.89179,0.85076
2024-05-06,1.786,1.57,0.8739,0.83368
2024-05-13,1.756,1.565,0.84951,0.82962
2024-05-20,1.749,1.553,0.84382,0.81986
2024-05-27,1.745,1.552,0.84057,0.81905
2024-06-03,1.733,1.551,0.8308099999999999,0.81824
2024-06-10,1.702,1.523,0.80561,0.79547
2024-06-17,1.708,1.551,0.81049,0.81824
2024-06-24,1.726,1.585,0.82512,0.84588
2024-07-01,1.737,1.594,0.8340700000000001,0.85319
2024-07-08,1.751,1.604,0.84545,0.86133
2024-07-15,1.737,1.583,0.8340700000000001,0.84425
2024-07-22,1.726,1.565,0.82512,0.82962
2024-07-29,1.713,1.553,0.81455,0.81986
2024-08-05,1.713,1.544,0.81455,0.8125399999999999
2024-08-12,1.687,1.525,0.79341,0.7971
2024-08-19,1.689,1.53,0.79504,0.80116
2024-08-26,1.683,1.531,0.76262,0.77198
2024-09-02,1.67,1.53,0.75205,0.77116
2024-09-09,1.642,1.526,0.7155199999999999,0.75291
2024-09-16,1.651,1.535,0.70792,0.74397
2024-09-23,1.662,1.536,0.71686,0.74478
2024-09-30,1.659,1.542,0.7144199999999999,0.74966
2024-10-07,1.679,1.557,0.73068,0.76185
2024-10-14,1.707,1.583,0.7534400000000001,0.78299
2024-10-21,1.706,1.563,0.75263,0.76673
2024-10-28,1.712,1.565,0.75751,0.76836
2024-11-04,1.681,1.558,0.7323099999999999,0.76267
2024-11-11,1.69,1.58,0.73962,0.78055
2024-11-18,1.695,1.581,0.7436900000000001,0.78137
2024-11-25,1.715,1.601,0.75995,0.79763
2024-12-02,1.704,1.601,0.75101,0.79763
2024-12-09,1.699,1.591,0.74694,0.7895
2024-12-16,1.713,1.596,0.7583200000000001,0.7935599999999999
2024-12-23,1.718,1.609,0.76239,0.80413
2024-12-30,1.719,1.611,0.7632000000000001,0.80576
2025-01-06,1.746,1.633,0.78515,0.82364
2025-01-13,1.75,1.64,0.7884,0.82933
2025-01-20,1.776,1.687,0.8095399999999999,0.86754
2025-01-27,1.77,1.669,0.8046599999999999,0.85291
2025-02-03,1.763,1.645,0.7989700000000001,0.8334
2025-02-10,1.772,1.646,0.80629,0.83421
2025-02-17,1.773,1.659,0.8071,0.84478
2025-02-24,1.762,1.664,0.79816,0.84885
2025-03-03,1.74,1.641,0.78027,0.8301499999999999
2025-03-10,1.699,1.606,0.74694,0.80169
2025-03-17,1.69,1.584,0.73962,0.7837999999999999
2025-03-24,1.708,1.581,0.75426,0.78137
2025-03-31,1.745,1.598,0.78434,0.7951900000000001
2025-04-07,1.744,1.587,0.78353,0.78624
2025-04-14,1.681,1.529,0.7323099999999999,0.73909
2025-04-21,1.674,1.519,0.72662,0.73096
2025-04-28,1.687,1.532,0.73718,0.74153
2025-05-05,1.667,1.513,0.72092,0.7260800000000001
2025-05-12,1.666,1.503,0.72011,0.7179500000000001
2025-05-19,1.691,1.531,0.7404400000000001,0.74072
2025-05-26,1.684,1.522,0.73475,0.7333999999999999
2025-06-02,1.676,1.514,0.72824,0.72689
2025-06-09,1.679,1.518,0.73068,0.73015
2025-06-16,1.693,1.535,0.7420599999999999,0.74397
2025-06-23,1.715,1.602,0.75995,0.79844
2025-06-30,1.694,1.577,0.74288,0.77811
2025-07-07,1.675,1.573,0.7274299999999999,0.77486
2025-07-14,1.69,1.604,0.73962,0.8000700000000001
2025-07-21,1.689,1.599,0.73881,0.796
2025-07-28,1.681,1.593,0.7323099999999999,0.79112
2025-08-04,1.704,1.588,0.75101,0.78706
2025-08-11,1.696,1.559,0.7445,0.76348
2025-08-18,1.692,1.54,0.74125,0.74803
2025-08-25,1.697,1.545,0.7453099999999999,0.7521
2025-09-01,1.698,1.548,0.74613,0.75454
2025-09-08,1.711,1.565,0.7567,0.76836
2025-09-15,1.71,1.561,0.75588,0.7651100000000001
2025-09-22,1.716,1.568,0.76076,0.7707999999999999
2025-09-29,1.707,1.572,0.7534400000000001,0.7740499999999999
2025-10-06,1.701,1.553,0.7485668292682927,0.75860162601626
2025-10-13,1.698,1.543,0.7461278048780488,0.7504715447154472
2025-10-20,1.697,1.527,0.7453147967479674,0.7374634146341463
2025-10-27,1.686,1.542,0.7363717073170731,0.7496585365853659
2025-11-03,1.703,1.584,0.7501928455284553,0.7838048780487804
2025-11-10,1.706,1.604,0.7526318699186991,0.8000650406504064
2025-11-17,1.732,1.609,0.773770081300813,0.804130081300813
2025-11-24,1.723,1.632,0.7664530081300813,0.822829268292683
2025-12-01,1.709,1.604,0.7388108943089431,0.7756750406504066
2025-12-08,1.7,1.579,0.7314938211382114,0.755349837398374
2025-12-15,1.679,1.552,0.7144206504065042,0.733398617886179
2025-12-22,1.651,1.525,0.6916564227642277,0.7114473983739837
2025-12-29,1.654,1.526,0.6940954471544715,0.7122604065040651
2026-01-05,1.656,1.534,0.68971,0.71221
2026-01-12,1.659,1.537,0.6921527058178781,0.7146529240239593
2026-01-19,1.663,1.556,0.6954047383382033,0.7301000784955041
2026-01-26,1.665,1.573,0.6970307545983659,0.7439212167068862
2026-02-02,1.665,1.585,0.6970307545983659,0.7536773142678618
2026-02-09,1.674,1.586,0.7043478277690977,0.7544903223979431
2026-02-16,1.684,1.582,0.7124779090699106,0.751238289877618
2026-02-23,1.686,1.6,0.7141039253300733,0.7658724362190812
2026-03-02,1.703,1.63,0.7279250635414553,0.7902626801215203
2026-03-09,1.776,1.817,0.7872746570373903,0.9778252004467236
2026-03-16,1.849,1.915,0.8736142505333253,1.0719399971946912
2026-03-23,1.922,2.046,0.9470538440292601,1.2047040622353415
2026-03-30,1.917,2.072,0.9429888033788536,1.2258422736174552
2026-04-06,1.938,2.131,0.9648219741105609,1.281009753292252
2026-04-13,1.911,2.083,0.9428707545983658,1.2419853630483497
2026-04-20,1.899,1.98,0.9331146570373902,1.1432055256499758
2026-04-27,1.927,1.958,0.9558788846796668,1.1169393467881872
2026-05-04,1.99,2.028,1.0132283968747886,1.189319915893878
2026-05-11,1.979,1.968,1.0021153074438944,1.125839428089
2026-05-18,2.009,1.954,1.0339555513463332,1.114187314267862
2026-05-25,2.023,1.958,1.0484876651674717,1.1204893467881871
2026-06-01,1.937,1.872,0.9603489659804798,1.0314306476011952
2026-06-08,1.918,1.883,0.944691811508935,1.0474037370320894
2026-06-15,1.919,1.857,0.9448148196390164,1.0182255256499757
2026-06-22,1.882,1.779,0.9046635188260082,0.9362608915036342
2026-06-29,1.876,1.767,0.8997854700455202,0.9265047939426586
2026-07-06,1.898,1.795,0.921591648907309,0.954749021584935
2026-07-13,1.913,1.848,0.9391667708585285,1.009848452479244
2026-07-20,1.972,1.96,0.9930442505333252,1.1186853630483498
2026-07-27,1.99,2.026,1.0162583968747887,1.1874638996337152
2026-08-03,1.982,2.049,1.0071743318341382,1.2096730866255851
2026-08-10,1.896,1.975,0.9202256326471464,1.129910484999569
2026-08-17,1.954,2.026,0.9816001041918617,1.1927338996337156
2026-08-24,1.986,2.066,1.0119863643544633,1.2263442248369674
2026-08-31,2.013,2.029,1.0315775838666585,1.1862829240239594
2026-09-07,2.093,2.104,1.1204782342731625,1.272118533780057
2026-09-14,2.072,2.152,1.0938450635414554,1.3122329240239594
2026-09-21,2.107,2.21,1.130600348094301,1.3706273955686747
2026-09-28,2.099,2.186,1.1233062830536504,1.3425852004467236
