fuel,stage,lags,lr_up,lr_down,p_value,aic
gasoline,Brent to pump,1,0.88,0.9,0.927,-2044.0
gasoline,Brent to pump,2,0.81,0.85,0.858,-2043.7
gasoline,Brent to pump,3,0.88,0.84,0.861,-2042.2
gasoline,Brent to pump,4,0.94,0.84,0.657,-2039.7
gasoline,Brent to pump,6,1.2,0.91,0.196,-2056.5
gasoline,Brent to ENSE,1,1.11,1.3,0.505,-1717.7
gasoline,Brent to ENSE,2,0.94,1.18,0.465,-1723.9
gasoline,Brent to ENSE,3,0.99,1.09,0.736,-1723.0
gasoline,Brent to ENSE,4,1.16,1.17,0.972,-1726.3
gasoline,Brent to ENSE,6,1.27,1.23,0.911,-1725.8
gasoline,ENSE to pump,1,0.76,0.67,0.371,-2106.7
gasoline,ENSE to pump,2,0.79,0.75,0.572,-2115.7
gasoline,ENSE to pump,3,0.78,0.78,0.998,-2114.4
gasoline,ENSE to pump,4,0.7,0.74,0.644,-2128.3
gasoline,ENSE to pump,6,0.65,0.73,0.516,-2129.0
diesel,Brent to pump,1,1.41,0.93,0.053,-1897.8
diesel,Brent to pump,2,1.27,0.86,0.086,-1900.5
diesel,Brent to pump,3,1.34,0.8,0.047,-1898.9
diesel,Brent to pump,4,1.24,0.89,0.205,-1901.3
diesel,Brent to pump,6,1.25,1.03,0.436,-1905.0
diesel,Brent to ENSE,1,1.58,1.27,0.309,-1620.8
diesel,Brent to ENSE,2,1.34,1.07,0.361,-1633.4
diesel,Brent to ENSE,3,1.48,1.06,0.18,-1633.2
diesel,Brent to ENSE,4,1.37,1.14,0.503,-1634.0
diesel,Brent to ENSE,6,1.14,1.23,0.781,-1635.2
diesel,ENSE to pump,1,0.9,0.76,0.006,-2107.9
diesel,ENSE to pump,2,0.93,0.8,0.006,-2112.5
diesel,ENSE to pump,3,0.9,0.85,0.357,-2129.1
diesel,ENSE to pump,4,0.84,0.81,0.653,-2144.0
diesel,ENSE to pump,6,0.85,0.86,0.798,-2144.3
