sample,fuel,stage,lr_up,lr_down,p_value,n
Full sample,gasoline,Brent to pump,0.88,0.84,0.863,391
Full sample,gasoline,Brent to ENSE,0.99,1.1,0.722,391
Full sample,gasoline,ENSE to pump,0.78,0.78,0.999,391
Full sample,diesel,Brent to pump,1.34,0.8,0.047,391
Full sample,diesel,Brent to ENSE,1.48,1.06,0.179,391
Full sample,diesel,ENSE to pump,0.9,0.85,0.368,391
Without 2022,gasoline,Brent to pump,0.65,0.74,0.732,340
Without 2022,gasoline,Brent to ENSE,0.85,0.96,0.745,340
Without 2022,gasoline,ENSE to pump,0.74,0.8,0.405,340
Without 2022,diesel,Brent to pump,1.08,0.78,0.291,340
Without 2022,diesel,Brent to ENSE,1.25,1.04,0.468,340
Without 2022,diesel,ENSE to pump,0.92,0.83,0.118,340
