date,brent_eur_litre,gasoline_with_tax,gasoline_without_tax,gasoline_taxes,gasoline_margin,diesel_with_tax,diesel_without_tax,diesel_taxes,diesel_margin
2019-01-07,0.2999446900980569,1.403,0.49807,0.90493,0.1981253099019431,1.302,0.57286,0.72914,0.2729153099019431
2019-01-14,0.3210687427406281,1.418,0.51027,0.9077299999999999,0.18920125725937192,1.328,0.59399,0.73401,0.27292125725937194
2019-01-21,0.3319127249538426,1.411,0.50457,0.9064300000000001,0.17265727504615735,1.337,0.6013099999999999,0.7356900000000001,0.2693972750461573
2019-01-28,0.3381973337048852,1.413,0.5062,0.9068,0.1680026662951148,1.345,0.60782,0.73718,0.26962266629511483
2019-02-04,0.3374241739420849,1.412,0.50539,0.9066099999999999,0.1679658260579151,1.348,0.61025,0.7377500000000001,0.27282582605791506
2019-02-11,0.3410099305866857,1.415,0.50783,0.90717,0.1668200694133143,1.352,0.61351,0.7384900000000001,0.2725000694133143
2019-02-18,0.3530994870867924,1.426,0.51677,0.90923,0.16367051291320756,1.361,0.62082,0.74018,0.26772051291320764
2019-02-25,0.3693094039935074,1.452,0.53791,0.91409,0.16860059600649258,1.386,0.64115,0.7448499999999999,0.2718405960064926
2019-03-04,0.3572014525322911,1.455,0.54035,0.9146500000000001,0.18314854746770892,1.392,0.64603,0.7459699999999999,0.2888285474677089
2019-03-11,0.3609431117353364,1.458,0.54279,0.91521,0.1818468882646636,1.394,0.64765,0.74635,0.28670688826466356
2019-03-18,0.3661505754417778,1.471,0.55335,0.9176500000000001,0.1871994245582222,1.394,0.64765,0.74635,0.28149942455822213
2019-03-25,0.3736669587640296,1.486,0.56555,0.92045,0.1918830412359704,1.39,0.6444,0.7455999999999999,0.27073304123597036
2019-04-01,0.3755282740800904,1.504,0.5801799999999999,0.9238200000000001,0.20465172591990954,1.369,0.62733,0.7416699999999999,0.2518017259199097
2019-04-08,0.390038024972516,1.526,0.5980700000000001,0.9279299999999999,0.2080319750274841,1.374,0.63139,0.7426100000000001,0.241351975027484
2019-04-15,0.3979286090160699,1.546,0.61433,0.93167,0.21640139098393013,1.383,0.63871,0.74429,0.2407813909839301
2019-04-29,0.4099151707308139,1.564,0.6289600000000001,0.93504,0.21904482926918617,1.392,0.64603,0.7459699999999999,0.2361148292691861
2019-05-06,0.4021407698139508,1.573,0.63628,0.93672,0.23413923018604915,1.396,0.64928,0.7467199999999999,0.24713923018604916
2019-05-13,0.3997896144307034,1.563,0.62815,0.93485,0.2283603855692966,1.392,0.64603,0.7459699999999999,0.24624038556929662
2019-05-20,0.4118469782246813,1.571,0.63466,0.93634,0.2228130217753187,1.397,0.6500900000000001,0.74691,0.23824302177531875
2019-05-27,0.3991616596287596,1.581,0.64279,0.93821,0.24362834037124037,1.396,0.64928,0.7467199999999999,0.25011834037124037
2019-06-03,0.3908541831164045,1.57,0.6338400000000001,0.93616,0.24298581688359555,1.374,0.63139,0.7426100000000001,0.2405358168835955
2019-06-10,0.3527198092808473,1.524,0.5964400000000001,0.9275599999999999,0.2437201907191528,1.339,0.60294,0.7360599999999999,0.25022019071915275
2019-06-17,0.3521638304681656,1.492,0.57043,0.92157,0.21826616953183442,1.323,0.58993,0.73307,0.23776616953183438
2019-06-24,0.3579655676907737,1.488,0.5671799999999999,0.9208200000000001,0.2092144323092262,1.327,0.5931799999999999,0.73382,0.23521443230922623
2019-07-01,0.3675120565814634,1.497,0.5744900000000001,0.92251,0.20697794341853665,1.338,0.60212,0.7358800000000001,0.23460794341853658
2019-07-08,0.3564548831444499,1.506,0.5818099999999999,0.9241900000000001,0.22535511685555004,1.341,0.60456,0.73644,0.2481051168555501
2019-07-15,0.3692420542984565,1.521,0.59401,0.9269899999999999,0.22476794570154351,1.346,0.60863,0.7373700000000001,0.23938794570154348
2019-07-22,0.3563539980204298,1.525,0.59726,0.9277399999999999,0.24090600197957024,1.35,0.61188,0.7381200000000001,0.2555260019795702
2019-07-29,0.3540275268499983,1.516,0.58994,0.92606,0.23591247315000174,1.35,0.61188,0.7381200000000001,0.2578524731500017
2019-08-05,0.3540470196611724,1.52,0.5931900000000001,0.9268099999999999,0.2391429803388277,1.354,0.61513,0.7388700000000001,0.26108298033882754
2019-08-12,0.3216096741202506,1.505,0.581,0.9239999999999999,0.25939032587974936,1.341,0.60456,0.73644,0.2829503258797494
2019-08-19,0.3287010039264432,1.489,0.56799,0.9210100000000001,0.2392889960735568,1.329,0.59481,0.73419,0.26610899607355676
2019-08-26,0.3374426192252709,1.487,0.56636,0.9206400000000001,0.22891738077472906,1.334,0.59887,0.7351300000000001,0.2614273807747291
2019-09-02,0.3400206544451281,1.482,0.5622999999999999,0.9197000000000001,0.22227934555487183,1.335,0.5996900000000001,0.7353099999999999,0.259669345554872
2019-09-09,0.3461867900224428,1.48,0.56067,0.91933,0.2144832099775572,1.342,0.60538,0.73662,0.25919320997755724
2019-09-16,0.3571462525090306,1.477,0.55823,0.9187700000000001,0.2010837474909694,1.36,0.62001,0.7399900000000001,0.26286374749096936
2019-09-23,0.3736421700730316,1.502,0.57856,0.92344,0.2049178299269684,1.383,0.63871,0.74429,0.2650678299269684
2019-09-30,0.3622852592635739,1.5,0.5769299999999999,0.9230700000000001,0.21464474073642603,1.382,0.6379,0.7440999999999999,0.2756147407364261
2019-10-07,0.340178375037963,1.493,0.57124,0.9217600000000001,0.23106162496203697,1.372,0.6297699999999999,0.7422300000000002,0.28959162496203694
2019-10-14,0.3398064995964526,1.487,0.56636,0.9206400000000001,0.22655350040354738,1.364,0.62326,0.7407400000000001,0.28345350040354744
2019-10-21,0.3369118259493837,1.475,0.55661,0.91839,0.21969817405061637,1.365,0.6240800000000001,0.7409199999999999,0.2871681740506164
2019-10-28,0.3437474299973744,1.474,0.55579,0.91821,0.2120425700026256,1.363,0.6224500000000001,0.7405499999999999,0.27870257000262566
2019-11-04,0.3403085000074784,1.482,0.5622999999999999,0.9197000000000001,0.2219914999925215,1.365,0.6240800000000001,0.7409199999999999,0.28377149999252166
2019-11-11,0.3544685423046263,1.497,0.5744900000000001,0.92251,0.22002145769537373,1.365,0.6240800000000001,0.7409199999999999,0.26961145769537376
2019-11-18,0.3570431889313548,1.495,0.57287,0.9221300000000001,0.2158268110686452,1.367,0.6257,0.7413,0.26865681106864525
2019-11-25,0.3625367289802881,1.487,0.56636,0.9206400000000001,0.20382327101971187,1.364,0.62326,0.7407400000000001,0.26072327101971193
2019-12-02,0.3699179768441568,1.49,0.5688,0.9212,0.1988820231558432,1.366,0.62489,0.7411100000000002,0.25497202315584316
2019-12-09,0.3673955045085751,1.485,0.56474,0.9202600000000001,0.1973444954914249,1.368,0.62652,0.7414800000000001,0.25912449549142486
2019-12-16,0.3768630683279305,1.481,0.56149,0.91951,0.18462693167206956,1.369,0.62733,0.7416699999999999,0.25046693167206957
2020-01-06,0.3823097357781717,1.534,0.60457,0.92943,0.22226026422182837,1.421,0.6696,0.7514000000000001,0.2872902642218283
2020-01-13,0.3837541428177418,1.535,0.60539,0.9296099999999999,0.2216358571822582,1.423,0.67123,0.75177,0.2874758571822582
2020-01-20,0.3623023902348406,1.53,0.6013200000000001,0.92868,0.23901760976515946,1.406,0.6574099999999999,0.74859,0.2951076097651593
2020-01-27,0.3501938059610632,1.522,0.59482,0.92718,0.24462619403893682,1.387,0.6419600000000001,0.7450399999999999,0.2917661940389369
2020-02-03,0.3340460778922942,1.51,0.5850599999999999,0.9249400000000001,0.25101392210770573,1.387,0.6419600000000001,0.7450399999999999,0.3079139221077059
2020-02-10,0.3119544060544424,1.497,0.5744900000000001,0.92251,0.26253559394555764,1.373,0.63058,0.74242,0.3186255939455576
2020-02-17,0.319807211427174,1.5,0.55222,0.94778,0.23241278857282605,1.37,0.60122,0.7687800000000001,0.281412788572826
2020-02-24,0.3420284477503517,1.508,0.5587300000000001,0.94927,0.21670155224964838,1.366,0.59797,0.7680300000000001,0.2559415522496483
2020-03-02,0.311693428239794,1.497,0.5497799999999999,0.9472200000000002,0.23808657176020592,1.353,0.5873999999999999,0.7656000000000001,0.2757065717602059
2020-03-09,0.2848770952773941,1.466,0.52458,0.9414199999999999,0.23970290472260597,1.328,0.5670700000000001,0.76093,0.282192904722606
2020-03-16,0.1886647713975386,1.397,0.46848,0.92852,0.27981522860246144,1.275,0.52399,0.75101,0.3353252286024614
2020-03-23,0.148418498045899,1.317,0.40344,0.9135599999999999,0.255021501954101,1.233,0.48984,0.74316,0.34142150195410104
2020-03-30,0.1384042424890783,1.26,0.35710000000000003,0.9029,0.21869575751092174,1.226,0.48414999999999997,0.74185,0.3457457575109217
2020-04-06,0.1078784943511087,1.26,0.35710000000000003,0.9029,0.24922150564889134,1.229,0.48658999999999997,0.7424100000000001,0.3787115056488913
2020-04-20,0.1153479474683683,1.258,0.35547,0.90253,0.2401220525316317,1.211,0.47195,0.7390500000000001,0.3566020525316317
2020-04-27,0.082654864143663,1.245,0.34491000000000005,0.9000900000000001,0.26225513585633703,1.154,0.42561,0.7283899999999999,0.34295513585633697
2020-05-04,0.0984188369306494,1.237,0.3384,0.8986000000000001,0.23998116306935058,1.126,0.40285000000000004,0.7231499999999998,0.30443116306935064
2020-05-11,0.1367630427371557,1.26,0.35710000000000003,0.9029,0.22033695726284433,1.129,0.40529000000000004,0.72371,0.26852695726284437
2020-05-18,0.163732698067425,1.286,0.37824,0.90776,0.21450730193257503,1.139,0.41342,0.72558,0.24968730193257502
2020-05-25,0.195241860999695,1.321,0.40669,0.91431,0.21144813900030499,1.163,0.43293,0.73007,0.23768813900030497
2020-06-01,0.192203449274361,1.33,0.41401,0.9159900000000001,0.22180655072563898,1.169,0.43781,0.73119,0.24560655072563897
2020-06-08,0.2148624843010846,1.336,0.41889,0.9171100000000001,0.2040275156989154,1.172,0.44025,0.7317499999999999,0.22538751569891538
2020-06-15,0.2194715375086817,1.349,0.42945999999999995,0.91954,0.20998846249131825,1.184,0.45,0.734,0.2305284624913183
2020-06-22,0.2293482775627513,1.365,0.44247000000000003,0.92253,0.21312172243724872,1.195,0.45894,0.73606,0.2295917224372487
2020-06-29,0.2329363357108103,1.378,0.45304,0.9249599999999999,0.2201036642891897,1.204,0.46626,0.73774,0.23332366428918971
2020-07-06,0.2358019848485775,1.385,0.45873,0.9262699999999999,0.22292801515142252,1.209,0.47032999999999997,0.7386700000000002,0.23452801515142246
2020-07-13,0.2394633046966698,1.401,0.47173000000000004,0.92927,0.23226669530333025,1.235,0.49147,0.74353,0.2520066953033302
2020-07-20,0.2392772422588145,1.4,0.47092,0.9290799999999999,0.2316427577411855,1.238,0.49389999999999995,0.7441,0.2546227577411855
2020-07-27,0.2371444970634784,1.395,0.46686,0.92814,0.2297155029365216,1.238,0.49389999999999995,0.7441,0.25675550293652155
2020-08-03,0.2309263084815787,1.391,0.4636,0.9274,0.23267369151842132,1.236,0.49228,0.7437199999999999,0.2613536915184213
2020-08-10,0.2362419092604361,1.39,0.46279000000000003,0.9272099999999999,0.22654809073956395,1.236,0.49228,0.7437199999999999,0.2560380907395639
2020-08-17,0.2375323770395254,1.391,0.4636,0.9274,0.2260676229604746,1.236,0.49228,0.7437199999999999,0.2547476229604746
2020-08-24,0.2374145471321224,1.394,0.46604,0.9279599999999999,0.2286254528678776,1.241,0.49633999999999995,0.7446600000000001,0.25892545286787755
2020-08-31,0.2405947224667714,1.399,0.47011000000000003,0.92889,0.22951527753322862,1.24,0.49552999999999997,0.74447,0.25493527753322853
2020-09-07,0.2283266172472934,1.4,0.47092,0.9290799999999999,0.24259338275270662,1.223,0.48170999999999997,0.7412900000000001,0.25338338275270655
2020-09-14,0.2081717867266767,1.388,0.46117,0.9268299999999998,0.25299821327332334,1.22,0.47927,0.74073,0.2710982132733233
2020-09-21,0.2164648739198307,1.384,0.45791000000000004,0.9260899999999999,0.24144512608016933,1.211,0.47195,0.7390500000000001,0.25548512608016927
2020-09-28,0.2201998423780425,1.382,0.45629000000000003,0.9257099999999998,0.23609015762195754,1.198,0.46138,0.7366199999999999,0.24118015762195752
2020-10-05,0.2147998368852953,1.383,0.4571,0.9259,0.2423001631147047,1.198,0.46138,0.7366199999999999,0.2465801631147047
2020-10-12,0.2192371046847265,1.391,0.4636,0.9274,0.2443628953152735,1.203,0.46545,0.7375500000000001,0.24621289531527346
2020-10-19,0.2227114844352056,1.394,0.46604,0.9279599999999999,0.2433285155647944,1.207,0.4687,0.7383000000000001,0.2459885155647944
2020-10-26,0.2179861726589293,1.386,0.45954,0.9264599999999998,0.2415538273410707,1.207,0.4687,0.7383000000000001,0.2507138273410707
2020-11-02,0.2030263277262834,1.374,0.44977999999999996,0.9242200000000002,0.24675367227371656,1.201,0.46382,0.7371800000000001,0.26079367227371664
2020-11-09,0.2067088186793635,1.365,0.44247000000000003,0.92253,0.23576118132063653,1.197,0.46057,0.7364300000000001,0.2538611813206365
2020-11-16,0.2220652313075815,1.377,0.45222,0.9247799999999999,0.23015476869241852,1.211,0.47195,0.7390500000000001,0.2498847686924185
2020-11-23,0.228184702284043,1.38,0.45466,0.9253399999999998,0.226475297715957,1.217,0.47683,0.7401700000000001,0.24864529771595698
2020-11-30,0.2453945325520313,1.389,0.46198,0.92702,0.2165854674479687,1.231,0.48821,0.7427900000000001,0.24281546744796867
2020-12-07,0.2491237842452431,1.394,0.46604,0.9279599999999999,0.21691621575475692,1.239,0.49472000000000005,0.74428,0.24559621575475696
2020-12-14,0.2561464170608193,1.399,0.47011000000000003,0.92889,0.21396358293918072,1.254,0.50691,0.74709,0.25076358293918066
2020-12-21,0.2632978068749949,1.405,0.47499,0.93001,0.21169219312500515,1.262,0.51342,0.74858,0.2501221931250051
2021-01-11,0.2732392863893576,1.436,0.4995,0.9364999999999999,0.22626071361064237,1.278,0.52567,0.75233,0.25243071361064234
2021-01-18,0.2866853873765254,1.455,0.51495,0.94005,0.22826461262347464,1.298,0.5419299999999999,0.7560700000000001,0.25524461262347453
2021-01-25,0.2869508791930953,1.46,0.51901,0.94099,0.23205912080690466,1.303,0.546,0.7569999999999999,0.25904912080690473
2021-02-01,0.2861496328772535,1.463,0.5214500000000001,0.94155,0.2353003671227466,1.291,0.53624,0.7547599999999999,0.25009036712274657
2021-02-08,0.3045533668981244,1.478,0.53365,0.94435,0.22909663310187556,1.304,0.5468099999999999,0.7571900000000001,0.2422566331018755
2021-02-15,0.3175615338835578,1.492,0.54503,0.94697,0.22746846611644223,1.323,0.56226,0.76074,0.2446984661164422
2021-02-22,0.3328362456320565,1.508,0.55804,0.94996,0.2252037543679435,1.344,0.57933,0.7646700000000001,0.24649375436794352
2021-03-01,0.3408663920827849,1.527,0.57348,0.9535199999999999,0.23261360791721508,1.355,0.58828,0.76672,0.24741360791721512
2021-03-08,0.3447450006902434,1.543,0.58649,0.95651,0.24174499930975657,1.36,0.59234,0.7676600000000001,0.2475949993097566
2021-03-15,0.3598371561091794,1.56,0.6003099999999999,0.9596900000000002,0.24047284389082052,1.368,0.59885,0.7691500000000001,0.23901284389082061
2021-03-22,0.3491519823098887,1.565,0.60438,0.9606199999999999,0.25522801769011133,1.369,0.59966,0.76934,0.2505080176901113
2021-03-29,0.3319992243073776,1.563,0.60275,0.9602499999999999,0.2707507756926224,1.358,0.59072,0.7672800000000001,0.2587207756926224
2021-04-12,0.3271840366918018,1.574,0.6116900000000001,0.96231,0.2845059633081983,1.357,0.5899,0.7671,0.2627159633081982
2021-04-19,0.3403747111439626,1.576,0.6133200000000001,0.96268,0.27294528885603747,1.361,0.59315,0.76785,0.25277528885603734
2021-04-26,0.3414372596507701,1.587,0.62226,0.9647399999999999,0.28082274034922994,1.367,0.59803,0.76897,0.25659274034922985
2021-05-03,0.3486704980877231,1.582,0.6182000000000001,0.9638,0.269529501912277,1.373,0.60291,0.77009,0.25423950191227684
2021-05-10,0.3599101881698338,1.6,0.63283,0.9671700000000001,0.2729198118301662,1.39,0.61673,0.7732699999999999,0.2568198118301662
2021-05-17,0.3565535132684365,1.605,0.6369,0.9681,0.28034648673156354,1.396,0.62161,0.7743899999999999,0.2650564867315635
2021-05-24,0.3480544634304587,1.598,0.63121,0.96679,0.28315553656954134,1.394,0.61998,0.7740199999999999,0.27192553656954127
2021-05-31,0.3556471075181483,1.6,0.63283,0.9671700000000001,0.2771828924818517,1.394,0.61998,0.7740199999999999,0.26433289248185166
2021-06-07,0.3646852279870163,1.614,0.64422,0.9697800000000001,0.2795347720129837,1.41,0.63299,0.7770099999999999,0.26830477201298375
2021-06-14,0.3693973966020697,1.62,0.6490900000000001,0.97091,0.27969260339793034,1.42,0.64112,0.7788799999999999,0.2717226033979303
2021-06-21,0.3822954818109571,1.631,0.65804,0.97296,0.27574451818904283,1.43,0.64925,0.7807499999999999,0.26695451818904287
2021-06-28,0.3976521151159956,1.652,0.67511,0.9768899999999999,0.2774578848840044,1.448,0.66389,0.78411,0.2662378848840044
2021-07-05,0.4038026867291281,1.665,0.68568,0.9793200000000001,0.28187731327087184,1.453,0.66795,0.78505,0.26414731327087193
2021-07-12,0.4018531840032134,1.671,0.69056,0.9804400000000001,0.28870681599678655,1.455,0.6695800000000001,0.78542,0.26772681599678666
2021-07-19,0.403264791770445,1.676,0.69462,0.9813799999999999,0.291355208229555,1.459,0.67283,0.78617,0.26956520822955504
2021-07-26,0.385455826002527,1.668,0.68812,0.97988,0.302664173997473,1.45,0.66551,0.7844899999999999,0.28005417399747307
2021-08-02,0.4024227835545375,1.677,0.69543,0.98157,0.2930072164454625,1.452,0.66714,0.78486,0.2647172164454625
2021-08-09,0.3840409115851449,1.681,0.69869,0.98231,0.3146490884148551,1.449,0.6647000000000001,0.7843,0.28065908841485515
2021-08-16,0.3806383746303605,1.677,0.69543,0.98157,0.3147916253696395,1.442,0.65901,0.78299,0.2783716253696395
2021-08-23,0.3654968955206125,1.657,0.6791699999999999,0.9778300000000001,0.31367310447938745,1.433,0.6516900000000001,0.78131,0.2861931044793876
2021-08-30,0.3798792675265353,1.659,0.6808,0.9782000000000001,0.3009207324734647,1.484,0.6931499999999999,0.79085,0.31327073247346465
2021-09-06,0.3876369121840802,1.672,0.69137,0.9806299999999999,0.30373308781591984,1.454,0.66876,0.7852399999999999,0.2811230878159198
2021-09-13,0.3823765890036739,1.675,0.6938099999999999,0.9811900000000001,0.31143341099632604,1.458,0.67202,0.78598,0.28964341099632607
2021-09-20,0.3955298123755201,1.673,0.6921799999999999,0.9808200000000001,0.2966501876244798,1.467,0.67933,0.7876700000000001,0.2838001876244799
2021-09-27,0.4039349088569238,1.67,0.68974,0.9802599999999999,0.28580509114307623,1.48,0.6899,0.7901,0.28596509114307617
2021-10-04,0.4241049029123229,1.695,0.7100700000000001,0.98493,0.2859650970876772,1.502,0.7077899999999999,0.7942100000000001,0.28368509708767703
2021-10-11,0.4453833593388806,1.71,0.72226,0.98774,0.2768766406611194,1.513,0.71673,0.7962699999999999,0.27134664066111935
2021-10-18,0.4559538640437943,1.724,0.7536499999999999,0.97035,0.29769613595620564,1.536,0.7454299999999999,0.7905700000000001,0.28947613595620564
2021-10-25,0.4595439306555771,1.723,0.75283,0.9701700000000001,0.2932860693444229,1.538,0.74706,0.7909400000000001,0.28751606934442286
2021-11-01,0.455823723571873,1.733,0.7609600000000001,0.97204,0.3051362764281271,1.542,0.7503099999999999,0.7916900000000001,0.2944862764281269
2021-11-08,0.448561043335513,1.737,0.76422,0.9727800000000001,0.315658956664487,1.54,0.7486799999999999,0.7913200000000001,0.3001189566644869
2021-11-15,0.4547066375910694,1.729,0.75771,0.9712900000000001,0.3030033624089306,1.541,0.7495,0.7914999999999999,0.29479336240893067
2021-11-22,0.4523498254296904,1.718,0.7487699999999999,0.96923,0.29642017457030956,1.532,0.74218,0.7898200000000001,0.2898301745703096
2021-11-29,0.4459083104786354,1.699,0.7333200000000001,0.96568,0.2874116895213647,1.527,0.73811,0.7888899999999999,0.29220168952136466
2021-12-06,0.3953202464095323,1.659,0.7008,0.9582,0.3054797535904677,1.498,0.71454,0.78346,0.31921975359046767
2021-12-13,0.416609922326317,1.661,0.70243,0.95857,0.285820077673683,1.499,0.71535,0.7836500000000001,0.29874007767368305
2021-12-20,0.4112126924500579,1.664,0.70487,0.9591299999999999,0.29365730754994207,1.503,0.7186,0.7843999999999999,0.3073873075499421
2022-01-03,0.4365536395201321,1.693,0.7284400000000001,0.96456,0.291886360479868,1.513,0.72673,0.7862699999999999,0.2901763604798679
2022-01-10,0.4473985458263,1.701,0.73495,0.9660500000000001,0.2875514541737,1.541,0.7495,0.7914999999999999,0.30210145417370005
2022-01-17,0.4693271524308997,1.705,0.7382000000000001,0.9668,0.2688728475691004,1.551,0.75763,0.7933699999999999,0.28830284756910035
2022-01-24,0.4963332002734928,1.736,0.7634,0.9726,0.26706679972650715,1.591,0.79015,0.80085,0.2938167997265072
2022-01-31,0.5046207697046302,1.758,0.7812899999999999,0.9767100000000001,0.2766692302953697,1.621,0.8145399999999999,0.8064600000000001,0.3099192302953697
2022-02-07,0.5151694916917753,1.783,0.80161,0.9813899999999999,0.28644050830822476,1.638,0.81911,0.8188899999999999,0.3039405083082247
2022-02-14,0.5304321789718716,1.801,0.81625,0.9847499999999999,0.28581782102812847,1.648,0.83649,0.81151,0.3060578210281284
2022-02-21,0.5420724476543154,1.813,0.826,0.987,0.28392755234568456,1.656,0.84299,0.8130099999999999,0.3009175523456846
2022-02-28,0.555273293591537,1.832,0.84145,0.99055,0.28617670640846304,1.675,0.8584400000000001,0.81656,0.3031667064084631
2022-03-07,0.6500665079162353,1.917,0.9105599999999999,1.00644,0.2604934920837646,1.812,0.96982,0.84218,0.3197534920837647
2022-03-14,0.7026652831443022,2.028,1.01752,1.01048,0.31485471685569777,1.979,1.1299100000000002,0.8490899999999999,0.427244716855698
2022-03-21,0.6254131497913921,1.927,0.93541,0.9915900000000001,0.3099968502086079,1.847,1.0226,0.8244,0.3971868502086079
2022-03-28,0.7059518759204322,2.027,1.01671,1.0102900000000001,0.3107581240795678,1.995,1.15577,0.8392300000000001,0.4498181240795678
2022-04-04,0.6318217638688102,1.989,0.98581,1.00319,0.3539882361311898,1.927,1.10049,0.8265100000000001,0.4686682361311898
2022-04-11,0.5951232172567141,1.948,0.95248,0.99552,0.35735678274328586,1.864,1.04927,0.8147300000000002,0.4541467827432858
2022-04-25,0.6146521739993958,1.975,0.9744299999999999,1.0005700000000002,0.35977782600060415,1.926,1.0996700000000001,0.8263299999999998,0.4850178260006044
2022-05-02,0.6173646819208891,1.878,1.0217100000000001,0.8562899999999998,0.404345318079111,1.84,1.1451500000000001,0.69485,0.527785318079111
2022-05-09,0.6587271235213816,1.915,1.0718699999999999,0.8431300000000002,0.41314287647861825,1.84,1.15736,0.6826400000000001,0.4986328764786183
2022-05-16,0.6447301101874906,1.952,1.10195,0.85005,0.4572198898125094,1.797,1.1224100000000001,0.6745899999999998,0.47767988981250953
2022-05-23,0.675318987059618,2.016,1.16619,0.84981,0.49087101294038205,1.765,1.0963900000000002,0.6686099999999997,0.4210710129403822
2022-05-30,0.6915969474389951,2.055,1.20263,0.8523700000000001,0.511033052561005,1.789,1.1159000000000001,0.6730999999999998,0.424303052561005
2022-06-06,0.7316984252444253,2.171,1.3009300000000001,0.8700699999999997,0.5692315747555748,1.893,1.20298,0.6900200000000001,0.47128157475557464
2022-06-13,0.7515512007986022,2.17,1.30012,0.86988,0.5485687992013978,2.024,1.30949,0.71451,0.5579387992013979
2022-06-20,0.7530012542238897,2.121,1.26991,0.8510899999999999,0.5169087457761103,2.08,1.35806,0.72194,0.6050587457761103
2022-06-27,0.694871955189682,2.101,1.2507300000000001,0.8502699999999999,0.5558580448103181,2.066,1.34667,0.7193299999999998,0.651798044810318
2022-07-04,0.7210140561372588,2.084,1.2369100000000002,0.8470899999999999,0.5158959438627414,1.993,1.2873299999999999,0.7056700000000002,0.5663159438627411
2022-07-11,0.6887820780004763,2.019,1.18406,0.8349400000000002,0.4952779219995236,1.923,1.23041,0.69259,0.5416279219995237
2022-07-18,0.6857325450976753,1.908,1.09382,0.8141799999999999,0.4080874549023247,1.955,1.2564300000000002,0.6985699999999999,0.5706974549023248
2022-07-25,0.6996309592538459,1.895,1.08325,0.81175,0.38361904074615416,1.857,1.17676,0.68024,0.47712904074615414
2022-08-01,0.6765011311196467,1.889,1.0783699999999998,0.8106300000000002,0.4018688688803531,1.83,1.1548,0.6752,0.47829886888035333
2022-08-08,0.6323073027165806,1.805,1.01008,0.7949199999999998,0.37777269728341945,1.746,1.08651,0.6594899999999999,0.45420269728341944
2022-08-15,0.6406807820588016,1.787,0.9954500000000001,0.7915499999999999,0.3547692179411984,1.729,1.0726900000000001,0.65631,0.4320092179411985
2022-08-22,0.6002700202011895,1.777,0.9873200000000001,0.7896799999999998,0.3870499797988106,1.771,1.1068399999999998,0.6641600000000001,0.5065699797988104
2022-08-29,0.6239118094485956,1.781,0.9905700000000001,0.7904299999999999,0.3666581905514045,1.865,1.18326,0.68174,0.5593481905514044
2022-09-05,0.598481432552675,1.719,0.94016,0.7788400000000001,0.34167856744732494,1.829,1.15399,0.6750099999999999,0.555508567447325
2022-09-12,0.5648240750882773,1.703,0.92715,0.77585,0.3623259249117228,1.823,1.1491099999999999,0.6738900000000001,0.5842859249117226
2022-09-19,0.5735019983877541,1.695,0.92065,0.7743500000000001,0.3471480016122459,1.76,1.09789,0.66211,0.524388001612246
2022-09-26,0.5648462359980104,1.688,0.91496,0.77304,0.35011376400198957,1.737,1.0792,0.6578000000000002,0.5143537640019895
2022-10-03,0.5661308429136126,1.701,0.88107,0.81993,0.3149391570863874,1.752,1.09071,0.6612899999999999,0.5245791570863875
2022-10-10,0.6046132405045684,1.825,0.98188,0.84312,0.37726675949543154,1.856,1.17526,0.6807400000000001,0.5706467594954315
2022-10-17,0.6068761873751751,1.886,1.03147,0.8545299999999998,0.424593812624825,1.954,1.25494,0.69906,0.6480638126248248
2022-10-24,0.582592338834665,1.835,0.99001,0.84499,0.40741766116533495,1.953,1.25412,0.6988800000000002,0.6715276611653349
2022-10-31,0.5871660641057306,1.817,0.97538,0.8416199999999999,0.38821393589426945,1.941,1.24437,0.6966300000000001,0.6572039358942694
2022-11-07,0.611702778182857,1.823,0.99156,0.83144,0.379857221817143,1.879,1.22485,0.65415,0.613147221817143
2022-11-14,0.5994554317354058,1.785,0.9606699999999999,0.82433,0.3612145682645941,1.797,1.15819,0.6388099999999999,0.5587345682645942
2022-11-21,0.5591373384240241,1.703,0.894,0.809,0.3348626615759759,1.701,1.08014,0.62086,0.521002661575976
2022-11-28,0.5278937608681824,1.648,0.84929,0.7987099999999999,0.3213962391318176,1.644,1.0338,0.6101999999999999,0.5059062391318176
2022-12-05,0.5134115872506791,1.652,0.82888,0.82312,0.3154684127493208,1.643,0.99361,0.64939,0.48019841274932085
2022-12-12,0.4697326051734006,1.593,0.78091,0.81209,0.3111773948265994,1.563,0.92857,0.6344299999999999,0.4588373948265994
2022-12-19,0.4787276426250141,1.582,0.77197,0.81003,0.29324235737498594,1.608,0.96516,0.6428400000000001,0.4864323573749859
2022-12-26,0.4781200199226613,1.6,0.7866000000000001,0.8134,0.3084799800773388,1.607,0.9643400000000001,0.6426599999999999,0.4862199800773388
2023-01-02,0.4826866101165732,1.67,0.83174,0.8382599999999999,0.3490533898834268,1.634,0.9732799999999999,0.66072,0.4905933898834267
2023-01-09,0.4589972599519247,1.661,0.82443,0.83657,0.3654327400480753,1.599,0.9448200000000001,0.6541799999999999,0.4858227400480754
2023-01-16,0.4705463671973261,1.672,0.83337,0.8386299999999999,0.36282363280267393,1.611,0.9545800000000001,0.6564199999999999,0.484033632802674
2023-01-23,0.4946220280231257,1.705,0.8602000000000001,0.8448,0.36557797197687436,1.634,0.9732799999999999,0.66072,0.4786579719768742
2023-01-30,0.496969794611711,1.739,0.8878400000000001,0.85116,0.3908702053882891,1.65,0.9862799999999999,0.66372,0.48931020538828895
2023-02-06,0.4734296085901422,1.689,0.86626,0.82274,0.3928303914098578,1.58,0.92937,0.65063,0.4559403914098578
2023-02-13,0.4888270197699865,1.668,0.84919,0.8188099999999999,0.3603629802300135,1.533,0.89116,0.64184,0.40233298023001346
2023-02-20,0.4949203370372689,1.674,0.85407,0.8199299999999999,0.3591496629627311,1.539,0.89604,0.64296,0.40111966296273105
2023-02-27,0.4836481652173284,1.668,0.84919,0.8188099999999999,0.3655418347826716,1.521,0.8814099999999999,0.63959,0.3977618347826715
2023-03-06,0.4953120390332118,1.683,0.85412,0.8288800000000001,0.3588079609667882,1.566,0.9025,0.6635000000000001,0.40718796096678816
2023-03-13,0.4911577925576263,1.688,0.85819,0.8298099999999999,0.3670322074423737,1.552,0.89112,0.66088,0.3999622074423737
2023-03-20,0.442687974293646,1.657,0.83298,0.82402,0.3902920257063541,1.515,0.8610399999999999,0.65396,0.41835202570635394
2023-03-27,0.4329079210006565,1.667,0.84111,0.82589,0.4082020789993435,1.507,0.85453,0.6524699999999999,0.4216220789993435
2023-04-03,0.4523527891189881,1.693,0.86225,0.8307500000000001,0.4098972108810119,1.494,0.84396,0.65004,0.39160721088101197
2023-04-10,0.495217208743096,1.707,0.87363,0.83337,0.378412791256904,1.498,0.84722,0.65078,0.352002791256904
2023-04-17,0.5003890172498935,1.714,0.8793300000000001,0.8346699999999999,0.37894098275010657,1.49,0.8307100000000001,0.6592899999999999,0.3303209827501066
2023-04-24,0.4859100059982196,1.673,0.84599,0.82701,0.3600799940017804,1.473,0.81689,0.6561100000000001,0.3309799940017804
2023-05-01,0.4645577496477459,1.659,0.81572,0.84328,0.3511622503522541,1.454,0.77937,0.67463,0.31481225035225413
2023-05-08,0.4258910942078611,1.613,0.77832,0.83468,0.3524289057921389,1.405,0.73954,0.66546,0.3136489057921389
2023-05-15,0.438085871979647,1.637,0.79783,0.83917,0.35974412802035305,1.425,0.7557999999999999,0.6692000000000001,0.3177141280203529
2023-05-22,0.439836839958745,1.654,0.8116599999999999,0.84234,0.37182316004125493,1.439,0.76718,0.6718200000000001,0.32734316004125497
2023-05-29,0.4473086116170506,1.678,0.83117,0.84683,0.38386138838294936,1.444,0.77124,0.6727599999999999,0.32393138838294944
2023-06-05,0.4337793303122569,1.664,0.80143,0.86257,0.36765066968774307,1.439,0.74718,0.6918200000000001,0.31340066968774305
2023-06-12,0.4458924328498256,1.702,0.8323200000000001,0.8696799999999999,0.38642756715017446,1.48,0.78051,0.69949,0.33461756715017443
2023-06-19,0.4311447481114969,1.685,0.8185,0.8665,0.3873552518885031,1.482,0.78214,0.69986,0.35099525188850306
2023-06-26,0.4321683264924298,1.672,0.8079299999999999,0.86407,0.3757616735075701,1.499,0.79596,0.7030400000000001,0.3637916735075702
2023-07-03,0.4238391282203036,1.648,0.77007,0.8779299999999999,0.3462308717796964,1.484,0.76376,0.72024,0.3399208717796964
2023-07-10,0.4422740483263973,1.681,0.7968999999999999,0.8841000000000001,0.35462595167360267,1.519,0.79222,0.7267799999999999,0.34994595167360276
2023-07-17,0.4518022486526155,1.697,0.8099,0.8871000000000001,0.3580977513473845,1.535,0.80523,0.7297699999999999,0.3534277513473845
2023-07-24,0.4471065468893636,1.719,0.8277899999999999,0.8912100000000002,0.38068345311063634,1.539,0.80848,0.73052,0.3613734531106364
2023-07-31,0.4755984722843823,1.809,0.8826,0.9263999999999999,0.40700152771561776,1.626,0.85921,0.7667899999999999,0.38361152771561774
2023-08-07,0.49039074192698,1.823,0.89398,0.92902,0.40358925807302,1.688,0.90962,0.77838,0.41922925807302
2023-08-14,0.5031460756353667,1.827,0.89724,0.9297599999999999,0.3940939243646333,1.706,0.92425,0.78175,0.4211039243646333
2023-08-21,0.4954570653882181,1.855,0.92,0.9349999999999999,0.42454293461178194,1.703,0.9218099999999999,0.7811900000000002,0.4263529346117818
2023-08-28,0.4914705722550134,1.872,0.9338200000000001,0.93818,0.4423494277449867,1.724,0.93889,0.78511,0.4474194277449866
2023-09-04,0.5076258069365438,1.872,0.9338200000000001,0.93818,0.4261941930634563,1.72,0.93563,0.78437,0.42800419306345616
2023-09-11,0.5372641743757904,1.859,0.92325,0.93575,0.3859858256242096,1.752,0.96165,0.79035,0.42438582562420957
2023-09-18,0.5514056162881437,1.857,0.92163,0.93537,0.3702243837118563,1.805,1.00474,0.80026,0.4533343837118563
2023-09-25,0.558483812851487,1.865,0.93813,0.92687,0.37964618714851306,1.805,1.02474,0.78026,0.466256187148513
2023-10-02,0.5691322161698037,1.853,0.92837,0.92463,0.35923778383019633,1.782,1.00604,0.77596,0.43690778383019635
2023-10-09,0.5401921801567535,1.798,0.88366,0.91434,0.3434678198432465,1.744,0.97515,0.76885,0.43495781984324644
2023-10-16,0.53695689276331,1.76,0.85276,0.90724,0.3158031072366899,1.711,0.94832,0.76268,0.41136310723669
2023-10-23,0.5504141269999787,1.774,0.86415,0.90985,0.31373587300002126,1.726,0.96051,0.76549,0.41009587300002126
2023-10-30,0.5336011565580316,1.768,0.85927,0.90873,0.32566884344196834,1.706,0.94425,0.7617499999999999,0.4106488434419684
2023-11-06,0.5226576783727289,1.764,0.85602,0.90798,0.3333623216272711,1.692,0.93287,0.75913,0.41021232162727106
2023-11-13,0.4900613681814016,1.739,0.83569,0.9033100000000001,0.34562863181859843,1.649,0.89791,0.75109,0.4078486318185984
2023-11-20,0.4759246108695945,1.703,0.8064199999999999,0.8965800000000002,0.33049538913040544,1.631,0.88328,0.74772,0.4073553891304055
2023-11-27,0.4713097743793951,1.68,0.78772,0.89228,0.3164102256206049,1.627,0.88002,0.74698,0.40871022562060494
2023-12-04,0.4651982107775161,1.667,0.77715,0.88985,0.3119517892224839,1.607,0.86376,0.74324,0.39856178922248386
2023-12-11,0.4429916877685243,1.642,0.75683,0.8851699999999999,0.3138383122314757,1.576,0.83856,0.7374400000000001,0.39556831223147565
2023-12-18,0.4382529599332604,1.628,0.7454500000000001,0.8825499999999998,0.30719704006673965,1.554,0.82067,0.73333,0.3824170400667396
2023-12-25,0.4595557180550654,1.641,0.75602,0.88498,0.2964642819449346,1.574,0.83693,0.7370700000000001,0.37737428194493455
2024-01-01,0.4496516845245315,1.643,0.75764,0.88536,0.30798831547546845,1.567,0.83124,0.73576,0.38158831547546845
2024-01-08,0.4418139516773018,1.644,0.75846,0.8855399999999999,0.3166460483226982,1.552,0.81905,0.7329500000000001,0.37723604832269814
2024-01-15,0.4501586203770277,1.645,0.75927,0.88573,0.3091113796229723,1.561,0.82637,0.7346299999999999,0.37621137962297235
2024-01-22,0.4639322468868488,1.663,0.7739,0.8891,0.3099677531131512,1.579,0.841,0.738,0.37706775311315116
2024-01-29,0.4764883755460746,1.686,0.7926,0.8934,0.3161116244539254,1.604,0.86133,0.74267,0.38484162445392545
2024-02-05,0.4794683292829749,1.696,0.80073,0.8952699999999999,0.32126167071702516,1.626,0.87921,0.7467899999999998,0.39974167071702515
2024-02-12,0.4763293973030441,1.706,0.80886,0.8971399999999999,0.33253060269695595,1.647,0.89628,0.75072,0.4199506026969559
2024-02-19,0.4940023347986065,1.733,0.8308099999999999,0.9021900000000002,0.33680766520139344,1.664,0.91011,0.75389,0.4161076652013935
2024-02-26,0.4935508020098609,1.727,0.82594,0.9010600000000001,0.3323891979901391,1.64,0.89059,0.7494099999999999,0.3970391979901391
2024-03-04,0.4889470270851374,1.734,0.83163,0.90237,0.3426829729148626,1.63,0.88246,0.7475399999999999,0.39351297291486265
2024-03-11,0.4939922294344679,1.732,0.83,0.902,0.33600777056553205,1.616,0.8710800000000001,0.74492,0.37708777056553217
2024-03-18,0.4871436708057811,1.741,0.8373200000000001,0.90368,0.350176329194219,1.613,0.86864,0.74436,0.3814963291942189
2024-03-25,0.4975709206606794,1.776,0.8657699999999999,0.9102300000000001,0.3681990793393205,1.63,0.88246,0.7475399999999999,0.3848890793393206
2024-04-01,0.4986764534866707,1.796,0.88203,0.9139700000000001,0.38335354651332926,1.62,0.87433,0.74567,0.37565354651332933
2024-04-08,0.5248725454288441,1.81,0.8934099999999999,0.9165900000000001,0.36853745457115583,1.644,0.89385,0.7501499999999999,0.36897745457115594
2024-04-15,0.5377306794964022,1.81,0.8934099999999999,0.9165900000000001,0.35567932050359774,1.632,0.88409,0.7479099999999999,0.34635932050359786
2024-04-22,0.5293331521664277,1.821,0.90236,0.9186399999999999,0.3730268478335723,1.608,0.86458,0.7434200000000001,0.3352468478335723
2024-04-29,0.5209660544909471,1.808,0.89179,0.9162100000000001,0.37082394550905284,1.591,0.85076,0.74024,0.32979394550905283
2024-05-06,0.5034061271418698,1.786,0.8739,0.9121,0.3704938728581302,1.57,0.83368,0.7363200000000001,0.33027387285813015
2024-05-13,0.4845806901486286,1.756,0.84951,0.90649,0.3649293098513714,1.565,0.82962,0.7353799999999999,0.34503930985137143
2024-05-20,0.473389479174268,1.749,0.84382,0.9051800000000001,0.370430520825732,1.553,0.81986,0.7331399999999999,0.34647052082573204
2024-05-27,0.4653154615052298,1.745,0.84057,0.9044300000000001,0.37525453849477025,1.552,0.81905,0.7329500000000001,0.35373453849477016
2024-06-03,0.469380371194094,1.733,0.8308099999999999,0.9021900000000002,0.36142962880590596,1.551,0.81824,0.73276,0.348859628805906
2024-06-10,0.4433909183331492,1.702,0.80561,0.8963899999999999,0.36221908166685085,1.523,0.79547,0.7275299999999999,0.3520790816668508
2024-06-17,0.4715458778982816,1.708,0.81049,0.8975099999999999,0.3389441221017184,1.551,0.81824,0.73276,0.34669412210171835
2024-06-24,0.4983060708640726,1.726,0.82512,0.90088,0.3268139291359274,1.585,0.84588,0.73912,0.3475739291359274
2024-07-01,0.5094297692268954,1.737,0.8340700000000001,0.90293,0.32464023077310467,1.594,0.85319,0.7408100000000001,0.3437602307731046
2024-07-08,0.513432821668504,1.751,0.84545,0.9055499999999999,0.332017178331496,1.604,0.86133,0.74267,0.347897178331496
2024-07-15,0.5032747329722793,1.737,0.8340700000000001,0.90293,0.3307952670277208,1.583,0.84425,0.73875,0.34097526702772063
2024-07-22,0.4962457312284498,1.726,0.82512,0.90088,0.3288742687715502,1.565,0.82962,0.7353799999999999,0.33337426877155024
2024-07-29,0.477838747217976,1.713,0.81455,0.8984500000000001,0.336711252782024,1.553,0.81986,0.7331399999999999,0.34202125278202405
2024-08-05,0.4661381241918068,1.713,0.81455,0.8984500000000001,0.3484118758081932,1.544,0.8125399999999999,0.7314600000000001,0.34640187580819315
2024-08-12,0.4537515504415795,1.687,0.79341,0.8935900000000001,0.33965844955842045,1.525,0.7971,0.7278999999999999,0.34334844955842053
2024-08-19,0.4725605886664962,1.689,0.79504,0.8939600000000001,0.3224794113335038,1.53,0.80116,0.72884,0.3285994113335038
2024-08-26,0.4500085680908251,1.683,0.76262,0.9203800000000001,0.31261143190917484,1.531,0.77198,0.7590199999999999,0.3219714319091749
2024-09-02,0.4576562562239109,1.67,0.75205,0.9179499999999999,0.2943937437760891,1.53,0.77116,0.7588400000000001,0.3135037437760891
2024-09-09,0.4236584962874291,1.642,0.7155199999999999,0.92648,0.29186150371257086,1.526,0.75291,0.77309,0.3292515037125709
2024-09-16,0.410736317202826,1.651,0.70792,0.94308,0.297183682797174,1.535,0.74397,0.7910299999999999,0.333233682797174
2024-09-23,0.423647694938435,1.662,0.71686,0.9451399999999999,0.29321230506156504,1.536,0.74478,0.79122,0.321132305061565
2024-09-30,0.4177030682178464,1.659,0.7144199999999999,0.9445800000000001,0.2967169317821535,1.542,0.74966,0.79234,0.3319569317821536
2024-10-07,0.4321001596705772,1.679,0.73068,0.94832,0.2985798403294228,1.557,0.76185,0.7951499999999999,0.32974984032942284
2024-10-14,0.4556327615617258,1.707,0.7534400000000001,0.95356,0.29780723843827434,1.583,0.78299,0.80001,0.3273572384382742
2024-10-21,0.4261214946660944,1.706,0.75263,0.9533699999999999,0.32650850533390563,1.563,0.76673,0.7962699999999999,0.34060850533390563
2024-10-28,0.4348048147538936,1.712,0.75751,0.95449,0.3227051852461064,1.565,0.76836,0.7966399999999999,0.33355518524610644
2024-11-04,0.4214282733689943,1.681,0.7323099999999999,0.9486900000000001,0.3108817266310056,1.558,0.76267,0.7953300000000001,0.34124172663100566
2024-11-11,0.4401702208250665,1.69,0.73962,0.9503799999999999,0.29944977917493354,1.58,0.78055,0.7994500000000001,0.34037977917493345
2024-11-18,0.4347979046976504,1.695,0.7436900000000001,0.95131,0.3088920953023497,1.581,0.78137,0.79963,0.3465720953023496
2024-11-25,0.447844861981152,1.715,0.75995,0.9550500000000001,0.31210513801884804,1.601,0.79763,0.80337,0.349785138018848
2024-12-02,0.4437865739344061,1.704,0.75101,0.95299,0.30722342606559383,1.601,0.79763,0.80337,0.3538434260655938
2024-12-09,0.4417324144603752,1.699,0.74694,0.95206,0.30520758553962485,1.591,0.7895,0.8015,0.3477675855396248
2024-12-16,0.442620677805457,1.713,0.7583200000000001,0.95468,0.3156993221945431,1.596,0.7935599999999999,0.8024400000000002,0.35093932219454294
2024-12-23,0.4439700430669319,1.718,0.76239,0.95561,0.3184199569330681,1.609,0.80413,0.80487,0.3601599569330681
2024-12-30,0.4420006661135564,1.719,0.7632000000000001,0.9558,0.3211993338864437,1.611,0.80576,0.80524,0.36375933388644366
2025-01-06,0.4595949319925729,1.746,0.78515,0.96085,0.3255550680074271,1.633,0.82364,0.80936,0.36404506800742714
2025-01-13,0.4761234861082097,1.75,0.7884,0.9616,0.3122765138917903,1.64,0.82933,0.8106699999999999,0.3532065138917903
2025-01-20,0.5068475510571513,1.776,0.8095399999999999,0.9664600000000001,0.30269244894284864,1.687,0.86754,0.8194600000000001,0.3606924489428487
2025-01-27,0.4786266457214546,1.77,0.8046599999999999,0.9653400000000001,0.32603335427854535,1.669,0.85291,0.8160900000000001,0.37428335427854537
2025-02-03,0.466551543956985,1.763,0.7989700000000001,0.9640299999999998,0.33241845604301506,1.645,0.8334,0.8116,0.366848456043015
2025-02-10,0.4580412893381117,1.772,0.80629,0.9657100000000001,0.34824871066188823,1.646,0.83421,0.8117899999999999,0.3761687106618883
2025-02-17,0.4599661487030214,1.773,0.8071,0.9658999999999999,0.34713385129697866,1.659,0.84478,0.81422,0.3848138512969786
2025-02-24,0.4584680851396601,1.762,0.79816,0.96384,0.3396919148603399,1.664,0.84885,0.8151499999999999,0.3903819148603399
2025-03-03,0.4464660799574276,1.74,0.78027,0.95973,0.3338039200425724,1.641,0.8301499999999999,0.8108500000000001,0.38368392004257235
2025-03-10,0.4231472864645724,1.699,0.74694,0.95206,0.32379271353542766,1.606,0.80169,0.8043100000000001,0.3785427135354276
2025-03-17,0.4134359215315605,1.69,0.73962,0.9503799999999999,0.32618407846843955,1.584,0.7837999999999999,0.8002000000000001,0.37036407846843944
2025-03-24,0.4176204833220504,1.708,0.75426,0.9537399999999999,0.33663951667794967,1.581,0.78137,0.79963,0.36374951667794964
2025-03-31,0.4329679535051601,1.745,0.78434,0.9606600000000001,0.35137204649483994,1.598,0.7951900000000001,0.80281,0.36222204649483997
2025-04-07,0.4306698670035376,1.744,0.78353,0.96047,0.35286013299646235,1.587,0.78624,0.8007599999999999,0.35557013299646245
2025-04-14,0.375403182851221,1.681,0.7323099999999999,0.9486900000000001,0.3569068171487789,1.529,0.73909,0.7899099999999999,0.36368681714877904
2025-04-21,0.3755330103161478,1.674,0.72662,0.9473799999999999,0.35108698968385227,1.519,0.73096,0.7880399999999999,0.3554269896838523
2025-04-28,0.3750659220623964,1.687,0.73718,0.9498200000000001,0.36211407793760353,1.532,0.74153,0.79047,0.3664640779376036
2025-05-05,0.3519125234576498,1.667,0.72092,0.94608,0.3690074765423502,1.513,0.7260800000000001,0.7869199999999998,0.3741674765423503
2025-05-12,0.3466508359756586,1.666,0.72011,0.9458899999999999,0.37345916402434143,1.503,0.7179500000000001,0.7850499999999998,0.3712991640243415
2025-05-19,0.3692457316849809,1.691,0.7404400000000001,0.95056,0.37119426831501917,1.531,0.74072,0.7902799999999999,0.3714742683150191
2025-05-26,0.366860707090397,1.684,0.73475,0.9492499999999999,0.36788929290960304,1.522,0.7333999999999999,0.7886000000000001,0.36653929290960297
2025-06-02,0.3593405338100359,1.676,0.72824,0.9477599999999999,0.3688994661899641,1.514,0.72689,0.78711,0.36754946618996415
2025-06-09,0.3702133880581402,1.679,0.73068,0.94832,0.3604666119418598,1.518,0.73015,0.78785,0.3599366119418598
2025-06-16,0.3887572795780164,1.693,0.7420599999999999,0.9509400000000001,0.3533027204219835,1.535,0.74397,0.7910299999999999,0.3552127204219836
2025-06-23,0.4236287535997669,1.715,0.75995,0.9550500000000001,0.3363212464002331,1.602,0.79844,0.80356,0.3748112464002331
2025-06-30,0.3780678825758801,1.694,0.74288,0.95112,0.3648121174241199,1.577,0.77811,0.79889,0.4000421174241199
2025-07-07,0.3699576690731648,1.675,0.7274299999999999,0.9475700000000001,0.3574723309268351,1.573,0.77486,0.79814,0.4049023309268352
2025-07-14,0.3856447636083392,1.69,0.73962,0.9503799999999999,0.35397523639166084,1.604,0.8000700000000001,0.80393,0.41442523639166085
2025-07-21,0.382049754166896,1.689,0.73881,0.9501900000000001,0.35676024583310395,1.599,0.796,0.8029999999999999,0.413950245833104
2025-07-28,0.3755184162641457,1.681,0.7323099999999999,0.9486900000000001,0.3567915837358542,1.593,0.79112,0.8018799999999999,0.4156015837358543
2025-08-04,0.3953943209926114,1.704,0.75101,0.95299,0.35561567900738855,1.588,0.78706,0.8009400000000001,0.3916656790073886
2025-08-11,0.3690238440562067,1.696,0.7445,0.9514999999999999,0.37547615594379335,1.559,0.76348,0.7955199999999999,0.39445615594379335
2025-08-18,0.3620368313790688,1.692,0.74125,0.95075,0.3792131686209312,1.54,0.74803,0.7919700000000001,0.3859931686209312
2025-08-25,0.36589736589433,1.697,0.7453099999999999,0.9516900000000001,0.37941263410566994,1.545,0.7521,0.7928999999999999,0.38620263410567
2025-09-01,0.3656156101695945,1.698,0.74613,0.95187,0.3805143898304055,1.548,0.75454,0.79346,0.3889243898304055
2025-09-08,0.3596013106599688,1.711,0.7567,0.9543,0.39709868934003123,1.565,0.76836,0.7966399999999999,0.40875868934003123
2025-09-15,0.3606028011819451,1.71,0.75588,0.95412,0.3952771988180549,1.561,0.7651100000000001,0.7958899999999999,0.40450719881805497
2025-09-22,0.3642122249248736,1.716,0.76076,0.95524,0.3965477750751264,1.568,0.7707999999999999,0.7972000000000001,0.40658777507512633
2025-09-29,0.3710157041060642,1.707,0.7534400000000001,0.95356,0.3824242958939359,1.572,0.7740499999999999,0.7979500000000002,0.4030342958939357
2025-10-06,0.3601930315253496,1.701,0.7485668292682927,0.9524331707317074,0.38837379774294306,1.553,0.75860162601626,0.7943983739837399,0.39840859449091043
2025-10-13,0.3604100566419909,1.698,0.7461278048780488,0.9518721951219512,0.38571774823605787,1.543,0.7504715447154472,0.7925284552845527,0.3900614880734563
2025-10-20,0.3343699203265545,1.697,0.7453147967479674,0.9516852032520327,0.4109448764214129,1.527,0.7374634146341463,0.7895365853658536,0.40309349430759184
2025-10-27,0.3420950415499853,1.686,0.7363717073170731,0.9496282926829268,0.3942766657670878,1.542,0.7496585365853659,0.7923414634146342,0.40756349503538053
2025-11-03,0.3521907983627321,1.703,0.7501928455284553,0.9528071544715447,0.39800204716572324,1.584,0.7838048780487804,0.8001951219512197,0.4316140796860483
2025-11-10,0.3509321271301236,1.706,0.7526318699186991,0.9533681300813008,0.4016997427885755,1.604,0.8000650406504064,0.8039349593495937,0.4491329135202828
2025-11-17,0.33952657818159,1.732,0.773770081300813,0.9582299186991869,0.43424350311922305,1.609,0.804130081300813,0.804869918699187,0.464603503119223
2025-11-24,0.3465444773004303,1.723,0.7664530081300813,0.9565469918699188,0.419908530829651,1.632,0.822829268292683,0.8091707317073169,0.4762847909922527
2025-12-01,0.3503759021908854,1.709,0.7388108943089431,0.970189105691057,0.3884349921180577,1.604,0.7756750406504066,0.8283249593495935,0.4252991384595212
2025-12-08,0.3458950328885291,1.7,0.7314938211382114,0.9685061788617886,0.3855987882496823,1.579,0.755349837398374,0.8236501626016259,0.40945480450984495
2025-12-15,0.3371378701820043,1.679,0.7144206504065042,0.9645793495934959,0.37728278022449985,1.552,0.733398617886179,0.818601382113821,0.3962607477041747
2025-12-22,0.3257512664559416,1.651,0.6916564227642277,0.9593435772357723,0.3659051563082861,1.525,0.7114473983739837,0.8135526016260162,0.38569613191804214
2025-12-29,0.3378074203714423,1.654,0.6940954471544715,0.9599045528455284,0.3562880267830292,1.526,0.7122604065040651,0.8137395934959349,0.3744529861326228
2026-01-05,0.332898773284902,1.656,0.68971,0.9662899999999999,0.356811226715098,1.534,0.71221,0.82179,0.379311226715098
2026-01-12,0.3389772935000414,1.659,0.6921527058178781,0.9668472941821219,0.3531754123178367,1.537,0.7146529240239593,0.8223470759760406,0.3756756305239179
2026-01-19,0.36216571255543,1.663,0.6954047383382033,0.9675952616617968,0.33323902578277326,1.556,0.7301000784955041,0.825899921504496,0.36793436594007406
2026-01-26,0.3590354379373255,1.665,0.6970307545983659,0.9679692454016341,0.33799531666104043,1.573,0.7439212167068862,0.8290787832931138,0.38488577876956065
2026-02-02,0.371398202927559,1.665,0.6970307545983659,0.9679692454016341,0.32563255167080696,1.585,0.7536773142678618,0.8313226857321382,0.3822791113403028
2026-02-09,0.3720012159125641,1.674,0.7043478277690977,0.9696521722309023,0.3323466118565336,1.586,0.7544903223979431,0.831509677602057,0.38248910648537904
2026-02-16,0.374168767574744,1.684,0.7124779090699106,0.9715220909300893,0.3383091414951666,1.582,0.751238289877618,0.8307617101223821,0.377069522302874
2026-02-23,0.3832262607776692,1.686,0.7141039253300733,0.9718960746699267,0.3308776645524041,1.6,0.7658724362190812,0.8341275637809189,0.382646175441412
2026-03-02,0.3802826847651083,1.703,0.7279250635414553,0.9750749364585448,0.34764237877634696,1.63,0.7902626801215203,0.8397373198784795,0.40997999535641205
2026-03-09,0.4615271438351073,1.776,0.7872746570373903,0.9887253429626097,0.325747513202283,1.817,0.9778252004467236,0.8391747995532763,0.5162980566116163
2026-03-16,0.5236197048604996,1.849,0.8736142505333253,0.9753857494666747,0.34999454567282573,1.915,1.0719399971946912,0.8430600028053088,0.5483202923341917
2026-03-23,0.6083626627244451,1.922,0.9470538440292601,0.9749461559707399,0.338691181304815,2.046,1.2047040622353415,0.8412959377646583,0.5963413995108965
2026-03-30,0.605372411591861,1.917,0.9429888033788536,0.9740111966211464,0.33761639178699265,2.072,1.2258422736174552,0.8461577263825448,0.6204698620255943
2026-04-06,0.6759501449664589,1.938,0.9648219741105609,0.973178025889439,0.28887182914410203,2.131,1.281009753292252,0.8499902467077478,0.6050596083257931
2026-04-13,0.671737597404266,1.911,0.9428707545983658,0.9681292454016343,0.2711331571940998,2.083,1.2419853630483497,0.8410146369516505,0.5702477656440837
2026-04-20,0.6112510689407209,1.899,0.9331146570373902,0.9658853429626099,0.32186358809666926,1.98,1.1432055256499758,0.8367944743500242,0.5319544567092549
2026-04-27,0.5876182908208726,1.927,0.9558788846796668,0.9711211153203333,0.36826059385879417,1.958,1.1169393467881872,0.8410606532118128,0.5293210559673146
2026-05-04,0.6417887657430208,1.99,1.0132283968747886,0.9767716031252114,0.3714396311317678,2.028,1.189319915893878,0.8386800841061219,0.5475311501508573
2026-05-11,0.5668612719362126,1.979,1.0021153074438944,0.9768846925561057,0.4352540355076818,1.968,1.125839428089,0.8421605719109999,0.5589781561527875
2026-05-18,0.593949551425591,2.009,1.0339555513463332,0.9750444486536667,0.4400059999207422,1.954,1.114187314267862,0.839812685732138,0.520237762842271
2026-05-25,0.5990671571371757,2.023,1.0484876651674717,0.9745123348325284,0.449420508030296,1.958,1.1204893467881871,0.8375106532118128,0.5214221896510114
2026-06-01,0.5242573442636211,1.937,0.9603489659804798,0.9766510340195202,0.43609162171685867,1.872,1.0314306476011952,0.8405693523988049,0.507173303337574
2026-06-08,0.5362141929761164,1.918,0.944691811508935,0.9733081884910649,0.4084776185328186,1.883,1.0474037370320894,0.8355962629679106,0.511189544055973
2026-06-15,0.5107219844794216,1.919,0.9448148196390164,0.9741851803609837,0.43409283515959474,1.857,1.0182255256499757,0.8387744743500243,0.5075035411705541
2026-06-22,0.4410889307080513,1.882,0.9046635188260082,0.9773364811739917,0.4635745881179569,1.779,0.9362608915036342,0.8427391084963657,0.49517196079558295
2026-06-29,0.4066071893202191,1.876,0.8997854700455202,0.9762145299544797,0.4931782807253011,1.767,0.9265047939426586,0.8404952060573413,0.5198976046224395
2026-07-06,0.3853459860955596,1.898,0.921591648907309,0.9764083510926909,0.5362456628117495,1.795,0.954749021584935,0.8402509784150649,0.5694030354893754
2026-07-13,0.4037218527537656,1.913,0.9391667708585285,0.9738332291414715,0.5354449181047629,1.848,1.009848452479244,0.8381515475207562,0.6061265997254783
2026-07-20,0.4563082363033574,1.972,0.9930442505333252,0.9789557494666747,0.5367360142299679,1.96,1.1186853630483498,0.8413146369516502,0.6623771267449924
2026-07-27,0.5304495055472808,1.99,1.0162583968747887,0.9737416031252113,0.48580889132750793,2.026,1.1874638996337152,0.8385361003662846,0.6570143940864345
2026-08-03,0.5037162328092234,1.982,1.0071743318341382,0.9748256681658618,0.5034580990249148,2.049,1.2096730866255851,0.8393269133744148,0.7059568538163618
2026-08-10,0.4791801152771241,1.896,0.9202256326471464,0.9757743673528535,0.4410455173700223,1.975,1.129910484999569,0.8450895150004312,0.6507303697224448
2026-08-17,0.503834920563621,1.954,0.9816001041918617,0.9723998958081382,0.4777651836282407,2.026,1.1927338996337156,0.8332661003662842,0.6888989790700946
2026-08-24,0.5090493012698829,1.986,1.0119863643544633,0.9740136356455367,0.5029370630845804,2.066,1.2263442248369674,0.8396557751630325,0.7172949235670845
2026-08-31,0.4845277858224995,2.013,1.0315775838666585,0.9814224161333414,0.5470497980441591,2.029,1.1862829240239594,0.8427170759760405,0.70175513820146
2026-09-07,0.5369908971720304,2.093,1.1204782342731625,0.9725217657268375,0.5834873371011321,2.104,1.272118533780057,0.8318814662199432,0.7351276366080265
2026-09-14,0.6151919111727082,2.072,1.0938450635414554,0.9781549364585447,0.47865315236874717,2.152,1.3122329240239594,0.8397670759760407,0.6970410128512512
2026-09-21,0.678115069383556,2.107,1.130600348094301,0.9763996519056992,0.45248527871074495,2.21,1.3706273955686747,0.8393726044313252,0.6925123261851187
2026-09-28,0.6452569260236148,2.099,1.1233062830536504,0.9756937169463498,0.4780493570300356,2.186,1.3425852004467236,0.8434147995532764,0.6973282744231087
