fuel,stage,direction,week,share_passed_on
Gasoline,Brent to pump,Cost rise,0,0.77
Gasoline,Brent to pump,Cost rise,1,0.893
Gasoline,Brent to pump,Cost rise,2,0.771
Gasoline,Brent to pump,Cost rise,3,0.865
Gasoline,Brent to pump,Cost rise,4,0.879
Gasoline,Brent to pump,Cost rise,5,0.882
Gasoline,Brent to pump,Cost rise,6,0.882
Gasoline,Brent to pump,Cost rise,7,0.882
Gasoline,Brent to pump,Cost rise,8,0.882
Gasoline,Brent to pump,Cost fall,0,0.665
Gasoline,Brent to pump,Cost fall,1,0.871
Gasoline,Brent to pump,Cost fall,2,0.9
Gasoline,Brent to pump,Cost fall,3,0.852
Gasoline,Brent to pump,Cost fall,4,0.844
Gasoline,Brent to pump,Cost fall,5,0.843
Gasoline,Brent to pump,Cost fall,6,0.843
Gasoline,Brent to pump,Cost fall,7,0.843
Gasoline,Brent to pump,Cost fall,8,0.843
Gasoline,ENSE to pump,Cost rise,0,0.733
Gasoline,ENSE to pump,Cost rise,1,0.745
Gasoline,ENSE to pump,Cost rise,2,0.814
Gasoline,ENSE to pump,Cost rise,3,0.769
Gasoline,ENSE to pump,Cost rise,4,0.78
Gasoline,ENSE to pump,Cost rise,5,0.777
Gasoline,ENSE to pump,Cost rise,6,0.778
Gasoline,ENSE to pump,Cost rise,7,0.778
Gasoline,ENSE to pump,Cost rise,8,0.778
Gasoline,ENSE to pump,Cost fall,0,0.674
Gasoline,ENSE to pump,Cost fall,1,0.659
Gasoline,ENSE to pump,Cost fall,2,0.741
Gasoline,ENSE to pump,Cost fall,3,0.786
Gasoline,ENSE to pump,Cost fall,4,0.775
Gasoline,ENSE to pump,Cost fall,5,0.778
Gasoline,ENSE to pump,Cost fall,6,0.777
Gasoline,ENSE to pump,Cost fall,7,0.778
Gasoline,ENSE to pump,Cost fall,8,0.778
Diesel,Brent to pump,Cost rise,0,1.176
Diesel,Brent to pump,Cost rise,1,1.44
Diesel,Brent to pump,Cost rise,2,1.255
Diesel,Brent to pump,Cost rise,3,1.327
Diesel,Brent to pump,Cost rise,4,1.339
Diesel,Brent to pump,Cost rise,5,1.342
Diesel,Brent to pump,Cost rise,6,1.342
Diesel,Brent to pump,Cost rise,7,1.342
Diesel,Brent to pump,Cost rise,8,1.342
Diesel,Brent to pump,Cost fall,0,0.815
Diesel,Brent to pump,Cost fall,1,0.892
Diesel,Brent to pump,Cost fall,2,0.933
Diesel,Brent to pump,Cost fall,3,0.827
Diesel,Brent to pump,Cost fall,4,0.808
Diesel,Brent to pump,Cost fall,5,0.805
Diesel,Brent to pump,Cost fall,6,0.804
Diesel,Brent to pump,Cost fall,7,0.804
Diesel,Brent to pump,Cost fall,8,0.804
Diesel,ENSE to pump,Cost rise,0,0.892
Diesel,ENSE to pump,Cost rise,1,0.898
Diesel,ENSE to pump,Cost rise,2,0.998
Diesel,ENSE to pump,Cost rise,3,0.871
Diesel,ENSE to pump,Cost rise,4,0.908
Diesel,ENSE to pump,Cost rise,5,0.897
Diesel,ENSE to pump,Cost rise,6,0.9
Diesel,ENSE to pump,Cost rise,7,0.899
Diesel,ENSE to pump,Cost rise,8,0.9
Diesel,ENSE to pump,Cost fall,0,0.674
Diesel,ENSE to pump,Cost fall,1,0.753
Diesel,ENSE to pump,Cost fall,2,0.727
Diesel,ENSE to pump,Cost fall,3,0.888
Diesel,ENSE to pump,Cost fall,4,0.841
Diesel,ENSE to pump,Cost fall,5,0.855
Diesel,ENSE to pump,Cost fall,6,0.851
Diesel,ENSE to pump,Cost fall,7,0.852
Diesel,ENSE to pump,Cost fall,8,0.852
