DATA;"PR diario da Gasolina";"PR semanal da Gasolina";"PR mensal da Gasolina"
01/01/2019;1,192;1,223;1,267
02/01/2019;1,192;1,215;1,263
03/01/2019;1,199;1,208;1,259
04/01/2019;1,210;1,205;1,256
07/01/2019;1,240;1,207;1,255
08/01/2019;1,239;1,216;1,254
09/01/2019;1,232;1,224;1,252
10/01/2019;1,246;1,233;1,251
11/01/2019;1,254;1,242;1,250
14/01/2019;1,257;1,246;1,249
15/01/2019;1,246;1,247;1,248
16/01/2019;1,248;1,250;1,246
17/01/2019;1,253;1,252;1,245
18/01/2019;1,250;1,251;1,244
21/01/2019;1,256;1,251;1,243
22/01/2019;1,256;1,253;1,243
23/01/2019;1,247;1,253;1,242
24/01/2019;1,240;1,250;1,241
25/01/2019;1,236;1,247;1,239
28/01/2019;1,245;1,245;1,238
29/01/2019;1,231;1,240;1,236
30/01/2019;1,230;1,236;1,236
31/01/2019;1,239;1,236;1,235
01/02/2019;1,242;1,237;1,236
04/02/2019;1,250;1,238;1,236
05/02/2019;1,258;1,244;1,237
06/02/2019;1,256;1,249;1,238
07/02/2019;1,251;1,252;1,239
08/02/2019;1,258;1,255;1,239
11/02/2019;1,255;1,256;1,240
12/02/2019;1,264;1,257;1,243
13/02/2019;1,268;1,259;1,245
18/02/2019;1,297;1,279;1,252
19/02/2019;1,298;1,285;1,254
20/02/2019;1,299;1,292;1,257
21/02/2019;1,300;1,297;1,258
22/02/2019;1,304;1,300;1,260
25/02/2019;1,305;1,301;1,262
27/02/2019;1,283;1,297;1,264
28/02/2019;1,286;1,294;1,265
01/03/2019;1,288;1,291;1,267
04/03/2019;1,290;1,288;1,268
05/03/2019;1,288;1,287;1,269
06/03/2019;1,288;1,288;1,270
07/03/2019;1,303;1,292;1,272
08/03/2019;1,315;1,297;1,275
11/03/2019;1,305;1,300;1,277
12/03/2019;1,313;1,305;1,280
13/03/2019;1,317;1,311;1,283
14/03/2019;1,320;1,314;1,285
15/03/2019;1,323;1,316;1,288
18/03/2019;1,313;1,317;1,290
19/03/2019;1,311;1,317;1,292
20/03/2019;1,315;1,316;1,294
22/03/2019;1,332;1,318;1,298
25/03/2019;1,350;1,326;1,302
26/03/2019;1,364;1,336;1,305
27/03/2019;1,378;1,349;1,309
28/03/2019;1,380;1,361;1,312
29/03/2019;1,369;1,368;1,315
01/04/2019;1,387;1,376;1,318
02/04/2019;1,392;1,381;1,321
03/04/2019;1,394;1,384;1,324
04/04/2019;1,396;1,388;1,327
05/04/2019;1,401;1,394;1,331
08/04/2019;1,389;1,394;1,333
09/04/2019;1,400;1,396;1,337
10/04/2019;1,406;1,398;1,341
11/04/2019;1,405;1,400;1,345
12/04/2019;1,413;1,403;1,349
15/04/2019;1,410;1,407;1,353
16/04/2019;1,405;1,408;1,357
17/04/2019;1,406;1,408;1,361
18/04/2019;1,411;1,409;1,365
19/04/2019;1,409;1,408;1,368
22/04/2019;1,409;1,408;1,371
23/04/2019;1,409;1,409;1,374
24/04/2019;1,433;1,414;1,378
25/04/2019;1,430;1,418;1,382
26/04/2019;1,440;1,424;1,386
29/04/2019;1,434;1,429;1,390
30/04/2019;1,425;1,432;1,394
01/05/2019;1,429;1,431;1,398
02/05/2019;1,441;1,434;1,402
03/05/2019;1,424;1,431;1,405
06/05/2019;1,413;1,426;1,407
07/05/2019;1,413;1,424;1,408
08/05/2019;1,405;1,419;1,409
09/05/2019;1,393;1,410;1,410
10/05/2019;1,399;1,405;1,411
13/05/2019;1,401;1,402;1,411
14/05/2019;1,399;1,399;1,411
15/05/2019;1,391;1,396;1,411
16/05/2019;1,398;1,397;1,411
17/05/2019;1,420;1,402;1,412
20/05/2019;1,437;1,409;1,414
21/05/2019;1,440;1,417;1,415
22/05/2019;1,427;1,424;1,416
23/05/2019;1,430;1,431;1,417
24/05/2019;1,422;1,431;1,417
27/05/2019;1,408;1,425;1,417
28/05/2019;1,408;1,419;1,417
29/05/2019;1,422;1,418;1,417
30/05/2019;1,414;1,415;1,417
31/05/2019;1,404;1,411;1,417
03/06/2019;1,388;1,407;1,417
04/06/2019;1,363;1,398;1,415
05/06/2019;1,350;1,384;1,412
06/06/2019;1,317;1,364;1,408
07/06/2019;1,312;1,346;1,404
10/06/2019;1,319;1,332;1,400
11/06/2019;1,319;1,323;1,397
12/06/2019;1,321;1,317;1,393
13/06/2019;1,313;1,317;1,389
14/06/2019;1,319;1,318;1,385
17/06/2019;1,319;1,318;1,382
18/06/2019;1,318;1,318;1,379
19/06/2019;1,305;1,315;1,376
20/06/2019;1,310;1,314;1,373
21/06/2019;1,318;1,314;1,370
24/06/2019;1,329;1,316;1,368
25/06/2019;1,339;1,320;1,366
26/06/2019;1,331;1,325;1,364
27/06/2019;1,356;1,335;1,363
28/06/2019;1,360;1,343;1,361
01/07/2019;1,356;1,349;1,358
02/07/2019;1,359;1,352;1,355
03/07/2019;1,358;1,358;1,353
04/07/2019;1,347;1,356;1,350
05/07/2019;1,357;1,355;1,348
08/07/2019;1,355;1,355;1,346
09/07/2019;1,364;1,356;1,345
10/07/2019;1,358;1,356;1,343
11/07/2019;1,374;1,362;1,341
12/07/2019;1,395;1,369;1,341
15/07/2019;1,391;1,376;1,341
16/07/2019;1,383;1,380;1,342
17/07/2019;1,374;1,383;1,343
18/07/2019;1,371;1,383;1,344
19/07/2019;1,359;1,376;1,346
22/07/2019;1,357;1,369;1,347
23/07/2019;1,362;1,365;1,349
24/07/2019;1,353;1,360;1,350
25/07/2019;1,356;1,357;1,351
26/07/2019;1,359;1,357;1,352
29/07/2019;1,363;1,358;1,354
30/07/2019;1,360;1,358;1,355
31/07/2019;1,364;1,360;1,357
01/08/2019;1,376;1,364;1,359
02/08/2019;1,381;1,369;1,362
05/08/2019;1,372;1,370;1,363
06/08/2019;1,358;1,370;1,364
07/08/2019;1,347;1,367;1,364
08/08/2019;1,334;1,358;1,363
09/08/2019;1,319;1,346;1,362
12/08/2019;1,321;1,336;1,361
13/08/2019;1,325;1,329;1,360
14/08/2019;1,333;1,326;1,359
15/08/2019;1,334;1,327;1,358
16/08/2019;1,327;1,328;1,357
19/08/2019;1,330;1,330;1,357
20/08/2019;1,327;1,330;1,355
21/08/2019;1,324;1,328;1,354
22/08/2019;1,332;1,328;1,353
23/08/2019;1,339;1,330;1,351
26/08/2019;1,333;1,331;1,349
27/08/2019;1,331;1,332;1,347
28/08/2019;1,328;1,332;1,346
29/08/2019;1,338;1,334;1,345
30/08/2019;1,328;1,331;1,344
02/09/2019;1,331;1,331;1,343
03/09/2019;1,322;1,329;1,341
04/09/2019;1,309;1,325;1,340
05/09/2019;1,313;1,321;1,339
06/09/2019;1,321;1,319;1,337
09/09/2019;1,316;1,316;1,336
10/09/2019;1,321;1,316;1,334
11/09/2019;1,327;1,320;1,333
12/09/2019;1,333;1,323;1,332
13/09/2019;1,326;1,325;1,330
16/09/2019;1,315;1,324;1,328
17/09/2019;1,367;1,334;1,328
18/09/2019;1,375;1,343;1,329
19/09/2019;1,351;1,347;1,330
20/09/2019;1,350;1,352;1,331
23/09/2019;1,360;1,361;1,332
24/09/2019;1,340;1,355;1,333
25/09/2019;1,339;1,348;1,333
26/09/2019;1,324;1,343;1,333
27/09/2019;1,331;1,339;1,333
30/09/2019;1,345;1,336;1,333
01/10/2019;1,340;1,336;1,334
02/10/2019;1,333;1,335;1,334
03/10/2019;1,325;1,335;1,334
04/10/2019;1,336;1,336;1,334
07/10/2019;1,339;1,335;1,334
08/10/2019;1,335;1,334;1,334
09/10/2019;1,325;1,332;1,334
10/10/2019;1,299;1,327;1,333
11/10/2019;1,302;1,320;1,332
14/10/2019;1,315;1,315;1,331
15/10/2019;1,308;1,310;1,331
16/10/2019;1,308;1,306;1,331
17/10/2019;1,308;1,308;1,331
18/10/2019;1,307;1,309;1,330
21/10/2019;1,317;1,310;1,330
22/10/2019;1,307;1,310;1,330
23/10/2019;1,317;1,311;1,329
24/10/2019;1,320;1,314;1,329
25/10/2019;1,327;1,318;1,329
28/10/2019;1,331;1,320;1,329
29/10/2019;1,333;1,326;1,328
30/10/2019;1,341;1,330;1,327
31/10/2019;1,339;1,334;1,327
04/11/2019;1,347;1,337;1,325
05/11/2019;1,353;1,341;1,326
06/11/2019;1,358;1,344;1,326
07/11/2019;1,346;1,346;1,327
08/11/2019;1,339;1,348;1,327
11/11/2019;1,333;1,345;1,327
12/11/2019;1,329;1,341;1,327
13/11/2019;1,329;1,335;1,327
14/11/2019;1,328;1,332;1,327
15/11/2019;1,327;1,332;1,329
18/11/2019;1,322;1,329;1,330
19/11/2019;1,323;1,327;1,331
20/11/2019;1,317;1,326;1,331
21/11/2019;1,331;1,323;1,331
22/11/2019;1,331;1,324;1,332
25/11/2019;1,343;1,325;1,333
26/11/2019;1,345;1,329;1,334
27/11/2019;1,346;1,333;1,335
28/11/2019;1,354;1,339;1,336
29/11/2019;1,351;1,344;1,337
02/12/2019;1,343;1,348;1,337
03/12/2019;1,323;1,348;1,337
04/12/2019;1,311;1,343;1,337
05/12/2019;1,312;1,336;1,335
06/12/2019;1,320;1,328;1,334
09/12/2019;1,321;1,322;1,332
10/12/2019;1,327;1,317;1,331
11/12/2019;1,328;1,318;1,330
12/12/2019;1,325;1,322;1,330
13/12/2019;1,324;1,324;1,330
16/12/2019;1,328;1,325;1,330
17/12/2019;1,337;1,326;1,330
18/12/2019;1,334;1,328;1,330
19/12/2019;1,336;1,330;1,331
20/12/2019;1,340;1,332;1,331
23/12/2019;1,346;1,335;1,332
24/12/2019;1,348;1,339;1,333
25/12/2019;1,351;1,341;1,334
26/12/2019;1,351;1,344;1,334
27/12/2019;1,351;1,347;1,334
30/12/2019;1,356;1,349;1,335
31/12/2019;1,347;1,351;1,335
01/01/2020;1,343;1,351;1,334
02/01/2020;1,343;1,350;1,334
03/01/2020;1,345;1,348;1,335
06/01/2020;1,362;1,347;1,337
07/01/2020;1,359;1,348;1,339
08/01/2020;1,354;1,350;1,341
09/01/2020;1,341;1,353;1,342
10/01/2020;1,348;1,352;1,343
13/01/2020;1,352;1,353;1,344
14/01/2020;1,352;1,351;1,345
15/01/2020;1,350;1,349;1,347
16/01/2020;1,348;1,349;1,348
17/01/2020;1,350;1,350;1,348
20/01/2020;1,355;1,350;1,349
21/01/2020;1,353;1,351;1,350
22/01/2020;1,346;1,351;1,350
23/01/2020;1,346;1,351;1,350
24/01/2020;1,331;1,350;1,350
27/01/2020;1,326;1,346;1,349
28/01/2020;1,297;1,340;1,348
29/01/2020;1,299;1,329;1,346
30/01/2020;1,315;1,320;1,343
31/01/2020;1,307;1,314;1,342
03/02/2020;1,307;1,309;1,340
04/02/2020;1,300;1,305;1,338
05/02/2020;1,299;1,306;1,336
06/02/2020;1,297;1,306;1,333
07/02/2020;1,302;1,302;1,331
10/02/2020;1,305;1,301;1,328
11/02/2020;1,302;1,301;1,327
12/02/2020;1,307;1,301;1,325
13/02/2020;1,312;1,303;1,323
14/02/2020;1,316;1,305;1,321
17/02/2020;1,354;1,308;1,319
18/02/2020;1,361;1,318;1,319
19/02/2020;1,357;1,330;1,320
20/02/2020;1,370;1,340;1,320
21/02/2020;1,384;1,352;1,321
24/02/2020;1,374;1,365;1,322
25/02/2020;1,354;1,369;1,324
26/02/2020;1,355;1,368;1,325
27/02/2020;1,326;1,368;1,326
28/02/2020;1,294;1,359;1,327
02/03/2020;1,279;1,341;1,327
03/03/2020;1,282;1,322;1,326
04/03/2020;1,293;1,307;1,324
05/03/2020;1,295;1,295;1,324
06/03/2020;1,295;1,289;1,324
09/03/2020;1,260;1,289;1,323
10/03/2020;1,166;1,285;1,322
11/03/2020;1,173;1,262;1,316
12/03/2020;1,164;1,238;1,310
13/03/2020;1,112;1,212;1,303
16/03/2020;1,106;1,175;1,294
17/03/2020;1,051;1,144;1,285
18/03/2020;1,069;1,121;1,273
19/03/2020;1,061;1,100;1,260
20/03/2020;1,053;1,080;1,246
23/03/2020;1,056;1,068;1,233
24/03/2020;1,007;1,058;1,218
25/03/2020;1,020;1,049;1,201
26/03/2020;1,027;1,040;1,185
27/03/2020;1,055;1,033;1,170
30/03/2020;1,036;1,033;1,157
31/03/2020;1,035;1,029;1,143
01/04/2020;1,047;1,035;1,132
02/04/2020;1,003;1,040;1,121
03/04/2020;1,025;1,035;1,108
06/04/2020;1,061;1,029;1,096
07/04/2020;1,051;1,034;1,086
08/04/2020;1,052;1,037;1,074
09/04/2020;1,029;1,038;1,065
10/04/2020;1,042;1,044;1,059
14/04/2020;1,042;1,047;1,053
15/04/2020;1,035;1,043;1,047
16/04/2020;1,041;1,040;1,044
17/04/2020;1,039;1,038;1,041
20/04/2020;1,035;1,040;1,040
21/04/2020;1,046;1,038;1,039
22/04/2020;1,007;1,039;1,038
23/04/2020;1,006;1,034;1,036
24/04/2020;1,058;1,026;1,034
27/04/2020;1,035;1,030;1,036
28/04/2020;1,034;1,030;1,037
29/04/2020;1,003;1,028;1,037
30/04/2020;1,026;1,027;1,035
01/05/2020;1,059;1,031;1,034
04/05/2020;1,031;1,031;1,035
05/05/2020;1,017;1,030;1,034
06/05/2020;1,049;1,027;1,035
07/05/2020;1,062;1,036;1,036
08/05/2020;1,062;1,044;1,036
11/05/2020;1,062;1,044;1,036
12/05/2020;1,086;1,050;1,037
13/05/2020;1,081;1,064;1,040
14/05/2020;1,058;1,070;1,041
15/05/2020;1,056;1,069;1,042
18/05/2020;1,080;1,068;1,043
19/05/2020;1,110;1,072;1,045
20/05/2020;1,120;1,077;1,048
21/05/2020;1,119;1,085;1,052
22/05/2020;1,122;1,097;1,055
25/05/2020;1,133;1,110;1,061
26/05/2020;1,133;1,121;1,066
27/05/2020;1,144;1,125;1,070
28/05/2020;1,135;1,130;1,075
29/05/2020;1,125;1,133;1,079
01/06/2020;1,122;1,134;1,085
02/06/2020;1,139;1,132;1,089
03/06/2020;1,143;1,133;1,093
04/06/2020;1,157;1,133;1,098
05/06/2020;1,154;1,137;1,104
08/06/2020;1,172;1,143;1,109
09/06/2020;1,179;1,153;1,114
10/06/2020;1,167;1,161;1,119
11/06/2020;1,167;1,166;1,124
12/06/2020;1,162;1,168;1,128
15/06/2020;1,154;1,169;1,132
16/06/2020;1,157;1,166;1,136
17/06/2020;1,168;1,161;1,141
18/06/2020;1,182;1,162;1,145
19/06/2020;1,187;1,165;1,148
22/06/2020;1,197;1,169;1,151
23/06/2020;1,197;1,178;1,154
24/06/2020;1,204;1,186;1,158
25/06/2020;1,192;1,193;1,161
26/06/2020;1,173;1,195;1,164
29/06/2020;1,177;1,192;1,165
30/06/2020;1,166;1,188;1,167
01/07/2020;1,179;1,182;1,169
02/07/2020;1,188;1,177;1,171
03/07/2020;1,189;1,177;1,174
06/07/2020;1,194;1,180;1,176
07/07/2020;1,196;1,183;1,177
08/07/2020;1,192;1,189;1,179
09/07/2020;1,197;1,192;1,180
10/07/2020;1,197;1,194;1,181
13/07/2020;1,191;1,195;1,182
14/07/2020;1,195;1,195;1,184
15/07/2020;1,190;1,194;1,185
16/07/2020;1,192;1,194;1,187
17/07/2020;1,188;1,193;1,188
20/07/2020;1,185;1,191;1,189
21/07/2020;1,181;1,190;1,189
22/07/2020;1,193;1,187;1,189
23/07/2020;1,190;1,188;1,189
24/07/2020;1,190;1,187;1,189
27/07/2020;1,190;1,189;1,188
28/07/2020;1,182;1,190;1,188
29/07/2020;1,185;1,191;1,189
30/07/2020;1,179;1,189;1,189
31/07/2020;1,164;1,187;1,190
03/08/2020;1,160;1,180;1,189
04/08/2020;1,162;1,174;1,188
05/08/2020;1,167;1,170;1,186
06/08/2020;1,174;1,166;1,185
07/08/2020;1,173;1,165;1,184
10/08/2020;1,175;1,167;1,183
11/08/2020;1,179;1,170;1,182
12/08/2020;1,184;1,174;1,182
13/08/2020;1,181;1,177;1,181
14/08/2020;1,188;1,179;1,181
17/08/2020;1,190;1,181;1,180
18/08/2020;1,190;1,184;1,180
19/08/2020;1,191;1,186;1,180
20/08/2020;1,187;1,188;1,181
21/08/2020;1,196;1,189;1,181
24/08/2020;1,202;1,191;1,181
25/08/2020;1,206;1,193;1,182
26/08/2020;1,216;1,196;1,182
27/08/2020;1,214;1,201;1,183
28/08/2020;1,209;1,207;1,185
31/08/2020;1,197;1,209;1,186
01/09/2020;1,197;1,208;1,187
02/09/2020;1,202;1,207;1,188
03/09/2020;1,207;1,204;1,190
04/09/2020;1,199;1,202;1,192
07/09/2020;1,200;1,200;1,193
08/09/2020;1,193;1,201;1,195
09/09/2020;1,183;1,200;1,196
10/09/2020;1,180;1,197;1,196
11/09/2020;1,178;1,191;1,196
14/09/2020;1,175;1,187;1,196
15/09/2020;1,178;1,182;1,195
16/09/2020;1,174;1,179;1,195
17/09/2020;1,189;1,177;1,194
18/09/2020;1,202;1,179;1,194
21/09/2020;1,209;1,184;1,195
22/09/2020;1,195;1,190;1,196
23/09/2020;1,194;1,194;1,196
24/09/2020;1,190;1,198;1,195
25/09/2020;1,190;1,198;1,195
28/09/2020;1,195;1,196;1,194
29/09/2020;1,197;1,193;1,193
30/09/2020;1,194;1,193;1,192
01/10/2020;1,193;1,193;1,192
02/10/2020;1,191;1,194;1,192
05/10/2020;1,183;1,194;1,191
06/10/2020;1,192;1,192;1,190
07/10/2020;1,201;1,191;1,190
08/10/2020;1,198;1,192;1,190
09/10/2020;1,202;1,193;1,190
12/10/2020;1,200;1,195;1,191
13/10/2020;1,187;1,199;1,192
14/10/2020;1,187;1,198;1,192
15/10/2020;1,189;1,195;1,193
16/10/2020;1,190;1,193;1,193
19/10/2020;1,185;1,191;1,194
20/10/2020;1,181;1,188;1,194
21/10/2020;1,177;1,186;1,193
22/10/2020;1,178;1,185;1,191
23/10/2020;1,175;1,182;1,191
26/10/2020;1,171;1,179;1,190
27/10/2020;1,163;1,177;1,189
28/10/2020;1,163;1,173;1,188
29/10/2020;1,159;1,170;1,186
30/10/2020;1,147;1,167;1,185
02/11/2020;1,144;1,161;1,182
03/11/2020;1,139;1,155;1,180
04/11/2020;1,145;1,151;1,178
05/11/2020;1,152;1,147;1,176
06/11/2020;1,147;1,145;1,174
09/11/2020;1,141;1,146;1,172
10/11/2020;1,154;1,145;1,169
11/11/2020;1,166;1,148;1,167
12/11/2020;1,178;1,152;1,166
13/11/2020;1,168;1,157;1,165
16/11/2020;1,158;1,162;1,164
17/11/2020;1,163;1,165;1,163
18/11/2020;1,158;1,167;1,162
19/11/2020;1,163;1,165;1,160
20/11/2020;1,160;1,162;1,160
23/11/2020;1,164;1,160;1,159
24/11/2020;1,171;1,161;1,158
25/11/2020;1,183;1,163;1,158
26/11/2020;1,189;1,168;1,158
27/11/2020;1,185;1,173;1,160
30/11/2020;1,185;1,178;1,161
01/12/2020;1,180;1,183;1,162
02/12/2020;1,180;1,184;1,163
03/12/2020;1,177;1,184;1,165
04/12/2020;1,179;1,181;1,167
07/12/2020;1,188;1,180;1,168
08/12/2020;1,184;1,181;1,170
09/12/2020;1,185;1,182;1,172
10/12/2020;1,190;1,183;1,174
11/12/2020;1,194;1,185;1,175
14/12/2020;1,199;1,188;1,176
15/12/2020;1,194;1,190;1,177
16/12/2020;1,197;1,192;1,178
17/12/2020;1,196;1,195;1,180
18/12/2020;1,203;1,196;1,182
21/12/2020;1,208;1,198;1,184
22/12/2020;1,193;1,200;1,186
23/12/2020;1,193;1,200;1,187
24/12/2020;1,196;1,199;1,189
25/12/2020;1,202;1,199;1,190
28/12/2020;1,202;1,198;1,191
29/12/2020;1,202;1,197;1,191
30/12/2020;1,202;1,199;1,192
31/12/2020;1,207;1,201;1,193
01/01/2021;1,216;1,203;1,194
04/01/2021;1,216;1,206;1,196
05/01/2021;1,218;1,209;1,198
06/01/2021;1,218;1,212;1,199
07/01/2021;1,229;1,215;1,201
08/01/2021;1,235;1,219;1,203
11/01/2021;1,244;1,223;1,205
12/01/2021;1,249;1,229;1,208
13/01/2021;1,256;1,235;1,210
14/01/2021;1,259;1,243;1,213
15/01/2021;1,256;1,249;1,216
18/01/2021;1,253;1,253;1,218
19/01/2021;1,253;1,255;1,221
20/01/2021;1,252;1,255;1,223
21/01/2021;1,258;1,255;1,225
22/01/2021;1,252;1,255;1,228
25/01/2021;1,249;1,254;1,231
26/01/2021;1,255;1,253;1,233
27/01/2021;1,256;1,254;1,236
28/01/2021;1,258;1,254;1,238
29/01/2021;1,256;1,254;1,241
01/02/2021;1,257;1,255;1,243
02/02/2021;1,259;1,257;1,245
03/02/2021;1,269;1,257;1,247
04/02/2021;1,280;1,260;1,250
05/02/2021;1,288;1,264;1,253
08/02/2021;1,291;1,270;1,256
09/02/2021;1,291;1,277;1,259
10/02/2021;1,288;1,284;1,261
11/02/2021;1,285;1,287;1,263
12/02/2021;1,282;1,289;1,265
15/02/2021;1,286;1,287;1,266
16/02/2021;1,301;1,286;1,267
17/02/2021;1,304;1,288;1,269
18/02/2021;1,314;1,292;1,271
19/02/2021;1,322;1,297;1,274
22/02/2021;1,314;1,305;1,277
23/02/2021;1,320;1,311;1,280
24/02/2021;1,334;1,315;1,283
25/02/2021;1,338;1,321;1,287
26/02/2021;1,343;1,326;1,291
01/03/2021;1,342;1,330;1,295
02/03/2021;1,348;1,335;1,298
03/03/2021;1,335;1,341;1,303
04/03/2021;1,339;1,341;1,306
05/03/2021;1,335;1,341;1,310
08/03/2021;1,366;1,340;1,313
09/03/2021;1,367;1,344;1,317
10/03/2021;1,364;1,348;1,320
11/03/2021;1,360;1,354;1,324
12/03/2021;1,372;1,358;1,327
15/03/2021;1,384;1,366;1,330
16/03/2021;1,384;1,369;1,335
17/03/2021;1,378;1,373;1,340
18/03/2021;1,371;1,375;1,344
19/03/2021;1,352;1,378;1,347
22/03/2021;1,339;1,374;1,349
23/03/2021;1,337;1,365;1,350
24/03/2021;1,336;1,355;1,351
25/03/2021;1,357;1,347;1,352
26/03/2021;1,346;1,344;1,354
29/03/2021;1,359;1,343;1,354
30/03/2021;1,371;1,347;1,355
31/03/2021;1,377;1,354;1,356
01/04/2021;1,380;1,362;1,358
02/04/2021;1,378;1,367;1,359
05/04/2021;1,378;1,373;1,361
06/04/2021;1,378;1,377;1,363
07/04/2021;1,374;1,378;1,365
08/04/2021;1,360;1,378;1,366
09/04/2021;1,360;1,374;1,365
12/04/2021;1,360;1,370;1,365
13/04/2021;1,360;1,367;1,365
14/04/2021;1,367;1,363;1,365
15/04/2021;1,373;1,362;1,364
16/04/2021;1,380;1,364;1,363
19/04/2021;1,387;1,368;1,363
20/04/2021;1,383;1,373;1,364
21/04/2021;1,372;1,378;1,365
22/04/2021;1,372;1,379;1,367
23/04/2021;1,371;1,379;1,369
26/04/2021;1,372;1,377;1,370
27/04/2021;1,366;1,374;1,371
28/04/2021;1,369;1,370;1,372
29/04/2021;1,377;1,370;1,372
30/04/2021;1,386;1,371;1,372
03/05/2021;1,386;1,374;1,373
04/05/2021;1,388;1,377;1,373
05/05/2021;1,404;1,381;1,374
06/05/2021;1,414;1,388;1,375
07/05/2021;1,403;1,395;1,376
10/05/2021;1,395;1,399;1,378
11/05/2021;1,394;1,401;1,379
12/05/2021;1,387;1,402;1,381
13/05/2021;1,397;1,399;1,382
14/05/2021;1,388;1,395;1,384
17/05/2021;1,382;1,392;1,385
18/05/2021;1,387;1,390;1,385
19/05/2021;1,388;1,388;1,385
20/05/2021;1,377;1,388;1,385
21/05/2021;1,372;1,384;1,385
24/05/2021;1,367;1,381;1,385
25/05/2021;1,381;1,378;1,385
26/05/2021;1,379;1,377;1,385
27/05/2021;1,383;1,375;1,386
28/05/2021;1,386;1,376;1,386
31/05/2021;1,395;1,379;1,387
01/06/2021;1,395;1,379;1,387
02/06/2021;1,396;1,387;1,388
03/06/2021;1,397;1,390;1,389
04/06/2021;1,399;1,393;1,389
07/06/2021;1,405;1,396;1,389
08/06/2021;1,402;1,398;1,389
09/06/2021;1,398;1,400;1,389
10/06/2021;1,403;1,400;1,389
11/06/2021;1,400;1,401;1,389
14/06/2021;1,409;1,402;1,390
15/06/2021;1,412;1,402;1,390
16/06/2021;1,409;1,404;1,391
17/06/2021;1,413;1,407;1,393
18/06/2021;1,417;1,409;1,394
21/06/2021;1,416;1,412;1,395
22/06/2021;1,425;1,414;1,397
23/06/2021;1,434;1,416;1,399
24/06/2021;1,440;1,421;1,402
25/06/2021;1,441;1,427;1,405
28/06/2021;1,444;1,431;1,408
29/06/2021;1,449;1,437;1,411
30/06/2021;1,446;1,442;1,413
01/07/2021;1,451;1,444;1,416
02/07/2021;1,455;1,446;1,418
05/07/2021;1,459;1,449;1,421
06/07/2021;1,469;1,452;1,424
07/07/2021;1,463;1,456;1,427
08/07/2021;1,448;1,460;1,430
09/07/2021;1,447;1,459;1,432
12/07/2021;1,463;1,457;1,434
13/07/2021;1,463;1,458;1,437
14/07/2021;1,468;1,457;1,440
15/07/2021;1,471;1,458;1,443
16/07/2021;1,466;1,462;1,445
19/07/2021;1,462;1,466;1,448
20/07/2021;1,443;1,466;1,450
21/07/2021;1,426;1,462;1,451
22/07/2021;1,452;1,454;1,452
23/07/2021;1,462;1,450;1,453
26/07/2021;1,473;1,449;1,454
27/07/2021;1,470;1,451;1,456
28/07/2021;1,480;1,457;1,457
29/07/2021;1,480;1,468;1,459
30/07/2021;1,479;1,473;1,460
02/08/2021;1,486;1,477;1,462
03/08/2021;1,479;1,479;1,463
04/08/2021;1,470;1,481;1,464
05/08/2021;1,473;1,479;1,465
06/08/2021;1,468;1,477;1,465
09/08/2021;1,477;1,475;1,465
10/08/2021;1,457;1,473;1,466
11/08/2021;1,473;1,469;1,467
12/08/2021;1,467;1,470;1,467
13/08/2021;1,468;1,468;1,467
16/08/2021;1,462;1,468;1,467
17/08/2021;1,443;1,465;1,467
18/08/2021;1,456;1,462;1,466
19/08/2021;1,449;1,459;1,466
20/08/2021;1,432;1,455;1,466
23/08/2021;1,423;1,448;1,466
24/08/2021;1,438;1,441;1,465
25/08/2021;1,452;1,440;1,464
26/08/2021;1,467;1,439;1,463
27/08/2021;1,463;1,443;1,463
30/08/2021;1,470;1,449;1,462
31/08/2021;1,470;1,458;1,461
01/09/2021;1,477;1,464;1,461
02/09/2021;1,469;1,469;1,461
03/09/2021;1,468;1,470;1,460
06/09/2021;1,482;1,471;1,460
07/09/2021;1,477;1,473;1,460
08/09/2021;1,473;1,475;1,461
09/09/2021;1,469;1,474;1,461
10/09/2021;1,468;1,474;1,461
13/09/2021;1,468;1,474;1,461
14/09/2021;1,477;1,471;1,461
15/09/2021;1,472;1,471;1,462
16/09/2021;1,478;1,471;1,462
17/09/2021;1,481;1,473;1,464
20/09/2021;1,474;1,475;1,465
21/09/2021;1,470;1,476;1,466
22/09/2021;1,470;1,475;1,468
23/09/2021;1,473;1,474;1,470
24/09/2021;1,476;1,473;1,471
27/09/2021;1,486;1,472;1,472
28/09/2021;1,496;1,475;1,473
29/09/2021;1,493;1,480;1,475
30/09/2021;1,501;1,485;1,476
01/10/2021;1,512;1,490;1,477
04/10/2021;1,512;1,498;1,479
05/10/2021;1,515;1,503;1,481
06/10/2021;1,536;1,507;1,483
07/10/2021;1,547;1,515;1,485
08/10/2021;1,527;1,524;1,488
11/10/2021;1,550;1,527;1,491
12/10/2021;1,558;1,535;1,495
13/10/2021;1,551;1,544;1,499
14/10/2021;1,562;1,547;1,502
15/10/2021;1,568;1,550;1,506
18/10/2021;1,544;1,558;1,511
19/10/2021;1,549;1,557;1,514
20/10/2021;1,541;1,555;1,517
21/10/2021;1,534;1,553;1,520
22/10/2021;1,543;1,547;1,523
25/10/2021;1,549;1,542;1,526
26/10/2021;1,565;1,544;1,530
27/10/2021;1,566;1,547;1,534
28/10/2021;1,557;1,552;1,537
29/10/2021;1,546;1,556;1,540
01/11/2021;1,559;1,557;1,542
02/11/2021;1,582;1,558;1,545
03/11/2021;1,585;1,562;1,548
04/11/2021;1,570;1,566;1,552
05/11/2021;1,570;1,568;1,554
08/11/2021;1,562;1,573;1,556
09/11/2021;1,559;1,574;1,556
10/11/2021;1,559;1,569;1,558
11/11/2021;1,563;1,564;1,558
12/11/2021;1,557;1,563;1,558
15/11/2021;1,558;1,560;1,559
16/11/2021;1,551;1,559;1,559
17/11/2021;1,566;1,558;1,558
18/11/2021;1,545;1,559;1,559
19/11/2021;1,517;1,555;1,559
22/11/2021;1,519;1,547;1,557
23/11/2021;1,504;1,539;1,557
24/11/2021;1,509;1,530;1,555
25/11/2021;1,528;1,519;1,553
26/11/2021;1,525;1,515;1,551
29/11/2021;1,464;1,517;1,550
30/11/2021;1,466;1,506;1,545
01/12/2021;1,430;1,498;1,542
02/12/2021;1,441;1,483;1,536
03/12/2021;1,428;1,465;1,529
06/12/2021;1,445;1,446;1,522
07/12/2021;1,450;1,442;1,517
08/12/2021;1,478;1,439;1,511
09/12/2021;1,485;1,448;1,507
10/12/2021;1,486;1,457;1,504
13/12/2021;1,485;1,469;1,501
14/12/2021;1,492;1,477;1,497
15/12/2021;1,481;1,485;1,494
16/12/2021;1,481;1,486;1,491
17/12/2021;1,487;1,485;1,487
20/12/2021;1,485;1,485;1,484
21/12/2021;1,460;1,485;1,481
22/12/2021;1,475;1,479;1,479
23/12/2021;1,488;1,478;1,477
24/12/2021;1,497;1,479;1,476
27/12/2021;1,504;1,481;1,475
29/12/2021;1,504;1,485;1,474
30/12/2021;1,525;1,494;1,473
31/12/2021;1,525;1,504;1,476
03/01/2022;1,530;1,511;1,479
04/01/2022;1,528;1,518;1,483
05/01/2022;1,527;1,522;1,487
06/01/2022;1,527;1,527;1,492
07/01/2022;1,530;1,527;1,495
10/01/2022;1,543;1,528;1,499
11/01/2022;1,540;1,531;1,502
12/01/2022;1,537;1,533;1,505
13/01/2022;1,557;1,535;1,507
14/01/2022;1,551;1,541;1,510
17/01/2022;1,557;1,546;1,513
18/01/2022;1,565;1,548;1,516
19/01/2022;1,572;1,554;1,520
20/01/2022;1,563;1,561;1,524
21/01/2022;1,577;1,562;1,528
24/01/2022;1,573;1,567;1,533
25/01/2022;1,576;1,570;1,537
26/01/2022;1,570;1,572;1,541
27/01/2022;1,587;1,572;1,545
28/01/2022;1,601;1,577;1,548
31/01/2022;1,606;1,581;1,553
01/02/2022;1,611;1,588;1,556
02/02/2022;1,594;1,595;1,560
03/02/2022;1,597;1,600;1,563
04/02/2022;1,605;1,602;1,566
07/02/2022;1,617;1,603;1,570
08/02/2022;1,637;1,605;1,574
09/02/2022;1,620;1,606;1,578
10/02/2022;1,638;1,615;1,582
11/02/2022;1,646;1,623;1,587
14/02/2022;1,655;1,631;1,592
15/02/2022;1,671;1,639;1,596
16/02/2022;1,645;1,646;1,602
17/02/2022;1,655;1,651;1,606
18/02/2022;1,630;1,655;1,610
21/02/2022;1,636;1,651;1,613
22/02/2022;1,650;1,648;1,616
23/02/2022;1,660;1,643;1,619
24/02/2022;1,656;1,646;1,623
25/02/2022;1,710;1,647;1,627
28/02/2022;1,663;1,662;1,633
01/03/2022;1,683;1,668;1,637
02/03/2022;1,725;1,674;1,640
03/03/2022;1,757;1,687;1,646
04/03/2022;1,795;1,707;1,652
07/03/2022;1,860;1,725;1,661
08/03/2022;1,940;1,764;1,673
09/03/2022;1,982;1,815;1,689
10/03/2022;1,894;1,867;1,705
11/03/2022;1,798;1,894;1,717
14/03/2022;1,780;1,895;1,725
15/03/2022;1,742;1,879;1,731
16/03/2022;1,697;1,839;1,736
17/03/2022;1,682;1,782;1,738
18/03/2022;1,718;1,740;1,738
21/03/2022;1,734;1,724;1,742
22/03/2022;1,788;1,715;1,745
23/03/2022;1,774;1,724;1,752
24/03/2022;1,813;1,739;1,759
25/03/2022;1,823;1,766;1,766
28/03/2022;1,839;1,787;1,773
29/03/2022;1,796;1,808;1,782
30/03/2022;1,772;1,809;1,786
31/03/2022;1,807;1,809;1,791
01/04/2022;1,795;1,808;1,796
04/04/2022;1,783;1,802;1,799
05/04/2022;1,802;1,791;1,801
06/04/2022;1,794;1,792;1,801
07/04/2022;1,784;1,796;1,798
08/04/2022;1,753;1,792;1,791
11/04/2022;1,769;1,783;1,780
12/04/2022;1,736;1,780;1,775
13/04/2022;1,769;1,767;1,772
14/04/2022;1,797;1,762;1,771
15/04/2022;1,797;1,765;1,774
18/04/2022;1,797;1,774;1,779
19/04/2022;1,797;1,780;1,784
20/04/2022;1,798;1,792;1,787
21/04/2022;1,797;1,797;1,790
22/04/2022;1,808;1,797;1,791
25/04/2022;1,824;1,799;1,792
26/04/2022;1,784;1,805;1,793
27/04/2022;1,831;1,802;1,791
28/04/2022;1,866;1,809;1,791
29/04/2022;1,904;1,823;1,794
02/05/2022;1,755;1,842;1,800
03/05/2022;1,757;1,828;1,797
04/05/2022;1,752;1,823;1,796
05/05/2022;1,808;1,807;1,794
06/05/2022;1,809;1,795;1,794
09/05/2022;1,814;1,776;1,795
10/05/2022;1,798;1,788;1,797
11/05/2022;1,772;1,796;1,799
12/05/2022;1,795;1,800;1,799
13/05/2022;1,842;1,798;1,801
16/05/2022;1,898;1,804;1,805
17/05/2022;1,941;1,821;1,809
18/05/2022;1,919;1,850;1,816
19/05/2022;1,864;1,879;1,821
20/05/2022;1,855;1,893;1,824
23/05/2022;1,870;1,895;1,827
24/05/2022;1,856;1,890;1,830
25/05/2022;1,844;1,873;1,832
26/05/2022;1,894;1,858;1,833
27/05/2022;1,933;1,864;1,838
30/05/2022;1,955;1,879;1,843
31/05/2022;1,976;1,896;1,847
01/06/2022;2,029;1,921;1,850
02/06/2022;2,034;1,958;1,863
06/06/2022;2,032;1,986;1,875
07/06/2022;2,008;2,005;1,888
08/06/2022;1,979;2,016;1,897
09/06/2022;1,990;2,017;1,905
10/06/2022;2,024;2,009;1,913
13/06/2022;2,029;2,007;1,923
14/06/2022;2,008;2,006;1,935
15/06/2022;2,010;2,006;1,945
16/06/2022;1,968;2,012;1,952
17/06/2022;1,964;2,008;1,955
20/06/2022;1,910;1,996;1,956
21/06/2022;1,937;1,972;1,956
22/06/2022;1,981;1,958;1,959
23/06/2022;1,940;1,952;1,965
24/06/2022;1,966;1,946;1,968
27/06/2022;1,999;1,947;1,973
28/06/2022;2,009;1,965;1,980
29/06/2022;1,984;1,979;1,986
30/06/2022;1,969;1,980;1,988
01/07/2022;1,919;1,986;1,988
04/07/2022;1,899;1,976;1,986
05/07/2022;1,950;1,956;1,980
06/07/2022;1,867;1,944;1,976
07/07/2022;1,832;1,921;1,969
08/07/2022;1,898;1,893;1,961
11/07/2022;1,874;1,889;1,957
12/07/2022;1,854;1,884;1,952
13/07/2022;1,783;1,865;1,944
14/07/2022;1,748;1,848;1,933
15/07/2022;1,721;1,831;1,921
18/07/2022;1,763;1,796;1,908
19/07/2022;1,794;1,774;1,898
20/07/2022;1,759;1,761;1,891
21/07/2022;1,783;1,757;1,884
22/07/2022;1,740;1,764;1,877
25/07/2022;1,745;1,768;1,866
26/07/2022;1,750;1,764;1,857
27/07/2022;1,767;1,755;1,847
28/07/2022;1,767;1,757;1,837
29/07/2022;1,772;1,754;1,826
01/08/2022;1,777;1,760;1,816
02/08/2022;1,685;1,767;1,807
03/08/2022;1,679;1,754;1,797
04/08/2022;1,650;1,736;1,787
05/08/2022;1,592;1,713;1,773
08/08/2022;1,577;1,677;1,761
09/08/2022;1,580;1,637;1,749
10/08/2022;1,564;1,616;1,735
11/08/2022;1,561;1,593;1,720
12/08/2022;1,567;1,575;1,707
15/08/2022;1,549;1,570;1,697
16/08/2022;1,532;1,564;1,688
17/08/2022;1,524;1,555;1,680
18/08/2022;1,529;1,547;1,669
19/08/2022;1,557;1,540;1,657
22/08/2022;1,576;1,538;1,648
23/08/2022;1,545;1,544;1,638
24/08/2022;1,557;1,546;1,629
25/08/2022;1,530;1,553;1,621
26/08/2022;1,542;1,553;1,611
29/08/2022;1,508;1,550;1,601
30/08/2022;1,510;1,536;1,589
31/08/2022;1,488;1,529;1,577
01/09/2022;1,446;1,516;1,564
02/09/2022;1,411;1,499;1,553
05/09/2022;1,441;1,473;1,541
06/09/2022;1,448;1,459;1,531
07/09/2022;1,450;1,447;1,525
08/09/2022;1,422;1,439;1,519
09/09/2022;1,404;1,435;1,512
12/09/2022;1,417;1,433;1,504
13/09/2022;1,428;1,428;1,498
14/09/2022;1,423;1,424;1,492
15/09/2022;1,450;1,419;1,486
16/09/2022;1,426;1,424;1,482
19/09/2022;1,427;1,429;1,478
20/09/2022;1,424;1,431;1,473
21/09/2022;1,408;1,430;1,467
22/09/2022;1,427;1,427;1,459
23/09/2022;1,454;1,422;1,454
26/09/2022;1,414;1,428;1,449
27/09/2022;1,423;1,425;1,444
28/09/2022;1,431;1,425;1,439
29/09/2022;1,451;1,430;1,435
30/09/2022;1,450;1,435;1,432
03/10/2022;1,432;1,434;1,431
04/10/2022;1,534;1,438;1,430
05/10/2022;1,553;1,460;1,436
06/10/2022;1,546;1,484;1,441
07/10/2022;1,563;1,503;1,445
10/10/2022;1,601;1,526;1,450
11/10/2022;1,608;1,559;1,458
12/10/2022;1,585;1,574;1,468
13/10/2022;1,627;1,581;1,475
14/10/2022;1,670;1,597;1,484
17/10/2022;1,627;1,618;1,496
18/10/2022;1,628;1,624;1,504
19/10/2022;1,568;1,628;1,513
20/10/2022;1,570;1,624;1,519
21/10/2022;1,583;1,613;1,526
24/10/2022;1,598;1,595;1,534
25/10/2022;1,584;1,589;1,542
26/10/2022;1,596;1,581;1,548
27/10/2022;1,592;1,586;1,556
28/10/2022;1,595;1,591;1,564
31/10/2022;1,581;1,593;1,571
01/11/2022;1,573;1,590;1,577
02/11/2022;1,585;1,588;1,583
03/11/2022;1,637;1,585;1,589
04/11/2022;1,665;1,594;1,594
07/11/2022;1,693;1,608;1,599
08/11/2022;1,628;1,631;1,606
09/11/2022;1,610;1,642;1,609
10/11/2022;1,549;1,647;1,609
11/11/2022;1,544;1,629;1,607
14/11/2022;1,524;1,605;1,605
15/11/2022;1,512;1,571;1,600
16/11/2022;1,490;1,548;1,593
17/11/2022;1,482;1,524;1,587
18/11/2022;1,478;1,510;1,580
21/11/2022;1,449;1,497;1,576
22/11/2022;1,402;1,482;1,570
23/11/2022;1,445;1,460;1,562
24/11/2022;1,420;1,451;1,555
25/11/2022;1,417;1,439;1,548
28/11/2022;1,415;1,427;1,540
29/11/2022;1,391;1,420;1,532
30/11/2022;1,410;1,418;1,522
01/12/2022;1,437;1,411;1,515
02/12/2022;1,420;1,414;1,508
05/12/2022;1,421;1,415;1,501
06/12/2022;1,415;1,416;1,491
07/12/2022;1,385;1,421;1,480
09/12/2022;1,346;1,401;1,454
12/12/2022;1,344;1,386;1,442
13/12/2022;1,347;1,371;1,432
14/12/2022;1,368;1,357;1,423
15/12/2022;1,371;1,354;1,416
16/12/2022;1,353;1,355;1,410
19/12/2022;1,341;1,357;1,404
20/12/2022;1,357;1,356;1,397
21/12/2022;1,363;1,358;1,392
22/12/2022;1,380;1,357;1,388
23/12/2022;1,389;1,359;1,387
26/12/2022;1,401;1,366;1,384
28/12/2022;1,401;1,378;1,383
29/12/2022;1,417;1,386;1,383
30/12/2022;1,427;1,397;1,383
02/01/2023;1,448;1,407;1,384
03/01/2023;1,447;1,440;1,391
04/01/2023;1,465;1,471;1,396
05/01/2023;1,433;1,505;1,403
06/01/2023;1,444;1,530;1,409
09/01/2023;1,444;1,554;1,415
10/01/2023;1,442;1,554;1,422
11/01/2023;1,454;1,552;1,431
12/01/2023;1,492;1,550;1,441
13/01/2023;1,502;1,562;1,452
16/01/2023;1,497;1,574;1,464
17/01/2023;1,487;1,584;1,475
18/01/2023;1,495;1,593;1,485
19/01/2023;1,505;1,602;1,496
20/01/2023;1,503;1,604;1,509
23/01/2023;1,525;1,605;1,520
24/01/2023;1,537;1,610;1,532
25/01/2023;1,518;1,620;1,544
26/01/2023;1,508;1,518;1,467
27/01/2023;1,514;1,518;1,472
30/01/2023;1,504;1,521;1,478
31/01/2023;1,494;1,516;1,481
01/02/2023;1,495;1,507;1,484
02/02/2023;1,475;1,503;1,487
03/02/2023;1,454;1,496;1,488
06/02/2023;1,412;1,484;1,487
07/02/2023;1,406;1,466;1,486
08/02/2023;1,442;1,448;1,485
09/02/2023;1,435;1,438;1,485
10/02/2023;1,430;1,430;1,484
13/02/2023;1,459;1,425;1,483
14/02/2023;1,458;1,434;1,482
15/02/2023;1,441;1,445;1,480
16/02/2023;1,436;1,444;1,477
17/02/2023;1,437;1,445;1,475
20/02/2023;1,423;1,446;1,472
21/02/2023;1,437;1,439;1,468
22/02/2023;1,435;1,435;1,465
23/02/2023;1,418;1,434;1,461
24/02/2023;1,426;1,430;1,456
27/02/2023;1,441;1,428;1,452
28/02/2023;1,435;1,431;1,449
01/03/2023;1,443;1,431;1,445
02/03/2023;1,440;1,432;1,442
03/03/2023;1,449;1,437;1,440
06/03/2023;1,446;1,441;1,438
07/03/2023;1,454;1,442;1,436
08/03/2023;1,449;1,446;1,436
09/03/2023;1,440;1,448;1,438
10/03/2023;1,438;1,448;1,440
13/03/2023;1,430;1,445;1,440
14/03/2023;1,409;1,442;1,439
15/03/2023;1,396;1,433;1,438
16/03/2023;1,366;1,423;1,436
17/03/2023;1,367;1,408;1,431
20/03/2023;1,384;1,394;1,428
21/03/2023;1,378;1,384;1,426
22/03/2023;1,384;1,378;1,423
23/03/2023;1,404;1,376;1,421
24/03/2023;1,411;1,383;1,420
27/03/2023;1,445;1,392;1,419
28/03/2023;1,451;1,404;1,420
29/03/2023;1,471;1,419;1,421
30/03/2023;1,491;1,436;1,422
31/03/2023;1,478;1,454;1,425
03/04/2023;1,486;1,467;1,426
04/04/2023;1,523;1,475;1,429
05/04/2023;1,498;1,490;1,432
06/04/2023;1,528;1,495;1,434
07/04/2023;1,553;1,503;1,438
10/04/2023;1,553;1,518;1,442
11/04/2023;1,553;1,531;1,447
12/04/2023;1,534;1,537;1,453
13/04/2023;1,542;1,544;1,457
14/04/2023;1,527;1,547;1,463
17/04/2023;1,515;1,542;1,469
18/04/2023;1,507;1,534;1,476
19/04/2023;1,485;1,525;1,483
20/04/2023;1,468;1,515;1,487
21/04/2023;1,435;1,501;1,491
24/04/2023;1,442;1,482;1,494
25/04/2023;1,444;1,467;1,495
26/04/2023;1,438;1,455;1,497
27/04/2023;1,437;1,445;1,497
28/04/2023;1,436;1,439;1,496
01/05/2023;1,478;1,439;1,494
02/05/2023;1,478;1,447;1,494
03/05/2023;1,442;1,453;1,494
04/05/2023;1,400;1,454;1,492
05/05/2023;1,390;1,447;1,486
08/05/2023;1,414;1,438;1,481
09/05/2023;1,413;1,425;1,476
10/05/2023;1,435;1,412;1,470
11/05/2023;1,449;1,411;1,464
12/05/2023;1,439;1,420;1,460
15/05/2023;1,428;1,430;1,455
16/05/2023;1,423;1,433;1,450
17/05/2023;1,425;1,435;1,445
18/05/2023;1,449;1,433;1,441
19/05/2023;1,467;1,433;1,439
22/05/2023;1,461;1,438;1,438
23/05/2023;1,459;1,445;1,437
24/05/2023;1,486;1,452;1,439
25/05/2023;1,495;1,464;1,441
26/05/2023;1,474;1,474;1,443
29/05/2023;1,493;1,475;1,444
30/05/2023;1,496;1,481;1,447
31/05/2023;1,470;1,489;1,450
01/06/2023;1,445;1,486;1,449
02/06/2023;1,449;1,476;1,448
05/06/2023;1,458;1,471;1,448
06/06/2023;1,501;1,464;1,451
07/06/2023;1,504;1,465;1,456
09/06/2023;1,527;1,486;1,465
12/06/2023;1,521;1,502;1,469
13/06/2023;1,476;1,514;1,472
14/06/2023;1,482;1,509;1,474
15/06/2023;1,486;1,505;1,476
16/06/2023;1,498;1,499;1,479
19/06/2023;1,500;1,493;1,483
20/06/2023;1,501;1,489;1,485
21/06/2023;1,478;1,494;1,486
22/06/2023;1,491;1,493;1,487
23/06/2023;1,471;1,494;1,489
26/06/2023;1,462;1,488;1,488
27/06/2023;1,464;1,481;1,486
28/06/2023;1,460;1,473;1,486
29/06/2023;1,466;1,469;1,485
30/06/2023;1,474;1,464;1,483
03/07/2023;1,491;1,465;1,483
04/07/2023;1,508;1,471;1,485
05/07/2023;1,511;1,480;1,488
06/07/2023;1,519;1,490;1,491
07/07/2023;1,502;1,501;1,491
10/07/2023;1,526;1,507;1,491
11/07/2023;1,519;1,513;1,492
12/07/2023;1,526;1,515;1,491
13/07/2023;1,543;1,518;1,491
14/07/2023;1,533;1,523;1,495
17/07/2023;1,530;1,529;1,497
18/07/2023;1,524;1,530;1,499
19/07/2023;1,537;1,531;1,500
20/07/2023;1,554;1,533;1,502
21/07/2023;1,557;1,536;1,504
24/07/2023;1,583;1,540;1,508
25/07/2023;1,612;1,551;1,512
26/07/2023;1,609;1,569;1,518
27/07/2023;1,630;1,583;1,525
28/07/2023;1,623;1,598;1,532
31/07/2023;1,664;1,611;1,540
01/08/2023;1,664;1,628;1,549
02/08/2023;1,686;1,638;1,558
03/08/2023;1,643;1,653;1,566
04/08/2023;1,646;1,656;1,573
07/08/2023;1,654;1,661;1,579
08/08/2023;1,656;1,659;1,585
09/08/2023;1,662;1,657;1,592
10/08/2023;1,682;1,652;1,598
11/08/2023;1,683;1,660;1,605
14/08/2023;1,697;1,667;1,612
15/08/2023;1,697;1,676;1,619
16/08/2023;1,700;1,684;1,627
17/08/2023;1,705;1,692;1,635
18/08/2023;1,713;1,696;1,643
21/08/2023;1,709;1,702;1,651
22/08/2023;1,694;1,705;1,658
23/08/2023;1,690;1,704;1,664
24/08/2023;1,708;1,702;1,669
25/08/2023;1,719;1,703;1,673
28/08/2023;1,719;1,704;1,678
29/08/2023;1,719;1,706;1,682
30/08/2023;1,724;1,711;1,687
31/08/2023;1,706;1,718;1,690
01/09/2023;1,704;1,718;1,691
04/09/2023;1,697;1,715;1,692
05/09/2023;1,671;1,710;1,695
06/09/2023;1,678;1,700;1,696
07/09/2023;1,666;1,691;1,697
08/09/2023;1,698;1,683;1,697
11/09/2023;1,709;1,682;1,699
12/09/2023;1,734;1,684;1,700
13/09/2023;1,741;1,697;1,703
14/09/2023;1,739;1,710;1,705
15/09/2023;1,748;1,724;1,706
18/09/2023;1,760;1,734;1,709
19/09/2023;1,760;1,744;1,711
20/09/2023;1,750;1,750;1,713
21/09/2023;1,744;1,751;1,715
22/09/2023;1,742;1,752;1,717
25/09/2023;1,725;1,751;1,720
26/09/2023;1,677;1,744;1,721
27/09/2023;1,674;1,728;1,719
28/09/2023;1,704;1,712;1,717
29/09/2023;1,738;1,704;1,716
02/10/2023;1,688;1,703;1,717
03/10/2023;1,685;1,696;1,716
04/10/2023;1,682;1,698;1,715
05/10/2023;1,636;1,699;1,714
06/10/2023;1,609;1,686;1,713
09/10/2023;1,610;1,660;1,709
10/10/2023;1,635;1,644;1,707
11/10/2023;1,629;1,634;1,704
12/10/2023;1,622;1,624;1,700
13/10/2023;1,611;1,621;1,695
16/10/2023;1,619;1,622;1,689
17/10/2023;1,616;1,623;1,684
18/10/2023;1,619;1,620;1,678
19/10/2023;1,649;1,618;1,672
20/10/2023;1,653;1,623;1,667
23/10/2023;1,652;1,631;1,662
24/10/2023;1,628;1,638;1,658
25/10/2023;1,580;1,640;1,653
26/10/2023;1,573;1,632;1,646
27/10/2023;1,580;1,617;1,641
30/10/2023;1,568;1,602;1,637
31/10/2023;1,570;1,586;1,631
01/11/2023;1,567;1,574;1,623
02/11/2023;1,582;1,572;1,618
03/11/2023;1,564;1,573;1,613
06/11/2023;1,555;1,570;1,608
07/11/2023;1,558;1,568;1,604
08/11/2023;1,545;1,565;1,602
09/11/2023;1,536;1,561;1,599
10/11/2023;1,547;1,552;1,594
13/11/2023;1,556;1,548;1,591
14/11/2023;1,558;1,549;1,588
15/11/2023;1,563;1,549;1,585
16/11/2023;1,536;1,552;1,583
17/11/2023;1,503;1,552;1,579
20/11/2023;1,506;1,543;1,574
21/11/2023;1,526;1,533;1,567
22/11/2023;1,519;1,527;1,562
23/11/2023;1,493;1,518;1,555
24/11/2023;1,504;1,509;1,549
27/11/2023;1,495;1,510;1,546
28/11/2023;1,476;1,507;1,542
29/11/2023;1,486;1,497;1,538
30/11/2023;1,479;1,491;1,534
01/12/2023;1,509;1,488;1,530
04/12/2023;1,501;1,489;1,527
05/12/2023;1,487;1,490;1,523
06/12/2023;1,495;1,492;1,520
07/12/2023;1,471;1,494;1,517
08/12/2023;1,452;1,493;1,513
11/12/2023;1,459;1,481;1,509
12/12/2023;1,457;1,473;1,506
13/12/2023;1,441;1,467;1,501
14/12/2023;1,444;1,456;1,496
15/12/2023;1,466;1,451;1,491
18/12/2023;1,463;1,454;1,487
19/12/2023;1,477;1,454;1,483
20/12/2023;1,474;1,458;1,482
21/12/2023;1,481;1,465;1,481
22/12/2023;1,467;1,472;1,479
26/12/2023;1,477;1,475;1,476
27/12/2023;1,477;1,475;1,474
28/12/2023;1,455;1,476;1,473
29/12/2023;1,443;1,470;1,473
02/01/2024;1,434;1,466;1,471
03/01/2024;1,437;1,457;1,468
04/01/2024;1,456;1,449;1,465
05/01/2024;1,446;1,445;1,463
08/01/2024;1,453;1,443;1,461
09/01/2024;1,424;1,445;1,459
10/01/2024;1,441;1,443;1,457
11/01/2024;1,445;1,444;1,457
12/01/2024;1,452;1,442;1,456
15/01/2024;1,457;1,443;1,456
16/01/2024;1,454;1,444;1,457
17/01/2024;1,467;1,449;1,457
18/01/2024;1,459;1,454;1,457
19/01/2024;1,476;1,457;1,457
22/01/2024;1,482;1,462;1,457
23/01/2024;1,500;1,467;1,457
24/01/2024;1,501;1,476;1,458
25/01/2024;1,504;1,483;1,459
26/01/2024;1,509;1,492;1,461
29/01/2024;1,518;1,499;1,462
30/01/2024;1,526;1,506;1,464
31/01/2024;1,522;1,511;1,467
01/02/2024;1,510;1,515;1,471
02/02/2024;1,517;1,516;1,474
05/02/2024;1,491;1,518;1,478
06/02/2024;1,501;1,513;1,479
07/02/2024;1,514;1,508;1,482
08/02/2024;1,525;1,507;1,485
09/02/2024;1,545;1,511;1,489
12/02/2024;1,551;1,516;1,494
13/02/2024;1,558;1,528;1,499
14/02/2024;1,568;1,540;1,504
15/02/2024;1,575;1,551;1,509
16/02/2024;1,565;1,561;1,515
19/02/2024;1,565;1,565;1,519
20/02/2024;1,561;1,568;1,524
21/02/2024;1,545;1,568;1,528
22/02/2024;1,552;1,563;1,531
23/02/2024;1,548;1,558;1,533
26/02/2024;1,556;1,554;1,535
27/02/2024;1,554;1,552;1,538
28/02/2024;1,567;1,551;1,540
29/02/2024;1,562;1,555;1,542
01/03/2024;1,567;1,558;1,544
04/03/2024;1,588;1,562;1,546
05/03/2024;1,580;1,567;1,549
06/03/2024;1,564;1,571;1,552
07/03/2024;1,558;1,570;1,555
08/03/2024;1,541;1,569;1,558
11/03/2024;1,542;1,564;1,559
12/03/2024;1,545;1,556;1,560
13/03/2024;1,551;1,550;1,560
14/03/2024;1,556;1,547;1,560
15/03/2024;1,567;1,547;1,559
18/03/2024;1,588;1,552;1,559
19/03/2024;1,602;1,561;1,560
20/03/2024;1,608;1,573;1,561
21/03/2024;1,602;1,584;1,563
22/03/2024;1,584;1,594;1,565
25/03/2024;1,620;1,598;1,567
26/03/2024;1,632;1,604;1,570
27/03/2024;1,623;1,610;1,574
28/03/2024;1,627;1,612;1,577
29/03/2024;1,636;1,615;1,580
01/04/2024;1,636;1,625;1,583
02/04/2024;1,636;1,627;1,586
03/04/2024;1,646;1,628;1,589
04/04/2024;1,656;1,632;1,592
05/04/2024;1,645;1,639;1,595
08/04/2024;1,662;1,641;1,599
09/04/2024;1,646;1,647;1,604
10/04/2024;1,642;1,649;1,608
11/04/2024;1,644;1,648;1,613
12/04/2024;1,667;1,646;1,617
15/04/2024;1,694;1,651;1,622
16/04/2024;1,682;1,658;1,629
17/04/2024;1,692;1,665;1,634
18/04/2024;1,669;1,675;1,639
19/04/2024;1,645;1,680;1,642
22/04/2024;1,646;1,676;1,643
23/04/2024;1,638;1,666;1,645
24/04/2024;1,628;1,657;1,648
25/04/2024;1,636;1,645;1,648
26/04/2024;1,633;1,638;1,648
29/04/2024;1,649;1,635;1,649
30/04/2024;1,642;1,635;1,650
01/05/2024;1,621;1,636;1,650
02/05/2024;1,596;1,635;1,650
03/05/2024;1,592;1,626;1,648
06/05/2024;1,582;1,618;1,645
07/05/2024;1,579;1,605;1,642
08/05/2024;1,577;1,592;1,639
09/05/2024;1,571;1,583;1,635
10/05/2024;1,580;1,578;1,632
13/05/2024;1,580;1,575;1,629
14/05/2024;1,567;1,575;1,626
15/05/2024;1,558;1,573;1,621
16/05/2024;1,561;1,569;1,615
17/05/2024;1,571;1,568;1,609
20/05/2024;1,585;1,567;1,604
21/05/2024;1,581;1,567;1,600
22/05/2024;1,566;1,570;1,597
23/05/2024;1,555;1,571;1,593
24/05/2024;1,551;1,570;1,590
27/05/2024;1,548;1,566;1,586
28/05/2024;1,548;1,560;1,584
29/05/2024;1,554;1,553;1,580
30/05/2024;1,552;1,551;1,576
31/05/2024;1,540;1,551;1,572
03/06/2024;1,542;1,548;1,568
04/06/2024;1,526;1,547;1,565
05/06/2024;1,517;1,543;1,562
06/06/2024;1,516;1,536;1,559
07/06/2024;1,527;1,528;1,557
10/06/2024;1,525;1,526;1,554
11/06/2024;1,539;1,522;1,552
12/06/2024;1,538;1,525;1,550
13/06/2024;1,534;1,529;1,548
14/06/2024;1,527;1,533;1,547
17/06/2024;1,539;1,533;1,546
18/06/2024;1,541;1,535;1,545
19/06/2024;1,554;1,536;1,543
20/06/2024;1,562;1,539;1,542
21/06/2024;1,564;1,545;1,541
24/06/2024;1,575;1,552;1,541
25/06/2024;1,565;1,559;1,542
26/06/2024;1,566;1,564;1,542
27/06/2024;1,567;1,566;1,543
28/06/2024;1,575;1,567;1,544
01/07/2024;1,568;1,570;1,545
02/07/2024;1,568;1,568;1,546
03/07/2024;1,582;1,569;1,547
04/07/2024;1,577;1,572;1,549
05/07/2024;1,585;1,574;1,551
08/07/2024;1,585;1,576;1,554
09/07/2024;1,568;1,580;1,557
10/07/2024;1,566;1,580;1,559
11/07/2024;1,561;1,576;1,561
12/07/2024;1,562;1,573;1,562
15/07/2024;1,572;1,568;1,563
16/07/2024;1,553;1,566;1,565
17/07/2024;1,543;1,563;1,566
18/07/2024;1,544;1,558;1,566
19/07/2024;1,547;1,555;1,566
22/07/2024;1,546;1,552;1,566
23/07/2024;1,531;1,547;1,565
24/07/2024;1,527;1,542;1,564
25/07/2024;1,538;1,539;1,562
26/07/2024;1,531;1,538;1,561
29/07/2024;1,532;1,535;1,559
30/07/2024;1,532;1,532;1,557
31/07/2024;1,520;1,532;1,555
01/08/2024;1,544;1,531;1,553
02/08/2024;1,543;1,532;1,552
05/08/2024;1,522;1,534;1,550
06/08/2024;1,498;1,532;1,548
07/08/2024;1,509;1,525;1,544
08/08/2024;1,519;1,523;1,540
09/08/2024;1,518;1,518;1,538
12/08/2024;1,517;1,513;1,536
13/08/2024;1,528;1,512;1,534
14/08/2024;1,521;1,518;1,532
15/08/2024;1,506;1,521;1,530
16/08/2024;1,506;1,518;1,528
19/08/2024;1,496;1,516;1,526
20/08/2024;1,481;1,512;1,524
21/08/2024;1,460;1,502;1,521
22/08/2024;1,450;1,490;1,517
23/08/2024;1,451;1,479;1,514
26/08/2024;1,497;1,468;1,510
27/08/2024;1,494;1,468;1,508
28/08/2024;1,491;1,470;1,507
29/08/2024;1,483;1,476;1,505
30/08/2024;1,485;1,483;1,503
02/09/2024;1,488;1,490;1,501
03/09/2024;1,477;1,488;1,498
04/09/2024;1,461;1,485;1,495
05/09/2024;1,447;1,479;1,493
06/09/2024;1,434;1,472;1,490
09/09/2024;1,441;1,461;1,487
10/09/2024;1,451;1,452;1,483
11/09/2024;1,443;1,447;1,480
12/09/2024;1,447;1,443;1,477
13/09/2024;1,471;1,443;1,473
16/09/2024;1,485;1,451;1,471
17/09/2024;1,479;1,459;1,470
18/09/2024;1,489;1,465;1,469
19/09/2024;1,496;1,474;1,468
20/09/2024;1,493;1,484;1,469
23/09/2024;1,486;1,488;1,471
24/09/2024;1,480;1,489;1,472
25/09/2024;1,487;1,489;1,474
26/09/2024;1,479;1,488;1,473
27/09/2024;1,468;1,485;1,472
30/09/2024;1,466;1,480;1,471
01/10/2024;1,468;1,476;1,471
02/10/2024;1,480;1,474;1,470
03/10/2024;1,469;1,472;1,469
04/10/2024;1,494;1,470;1,469
07/10/2024;1,508;1,476;1,471
08/10/2024;1,529;1,484;1,473
09/10/2024;1,509;1,496;1,478
10/10/2024;1,503;1,502;1,481
11/10/2024;1,524;1,508;1,483
14/10/2024;1,540;1,514;1,487
15/10/2024;1,524;1,521;1,491
16/10/2024;1,495;1,520;1,493
17/10/2024;1,499;1,517;1,494
18/10/2024;1,502;1,516;1,495
21/10/2024;1,489;1,512;1,495
22/10/2024;1,496;1,502;1,495
23/10/2024;1,518;1,496;1,495
24/10/2024;1,513;1,501;1,497
25/10/2024;1,501;1,503;1,498
28/10/2024;1,507;1,503;1,499
29/10/2024;1,479;1,507;1,500
30/10/2024;1,467;1,503;1,501
31/10/2024;1,476;1,493;1,501
01/11/2024;1,474;1,486;1,501
04/11/2024;1,476;1,481;1,501
05/11/2024;1,484;1,474;1,501
06/11/2024;1,498;1,476;1,501
07/11/2024;1,505;1,482;1,500
08/11/2024;1,495;1,488;1,499
11/11/2024;1,483;1,492;1,498
12/11/2024;1,480;1,493;1,497
13/11/2024;1,480;1,492;1,495
14/11/2024;1,474;1,489;1,493
15/11/2024;1,483;1,482;1,491
18/11/2024;1,481;1,480;1,490
19/11/2024;1,489;1,480;1,489
20/11/2024;1,491;1,482;1,489
21/11/2024;1,498;1,484;1,489
22/11/2024;1,504;1,488;1,489
25/11/2024;1,516;1,493;1,488
26/11/2024;1,500;1,500;1,488
27/11/2024;1,504;1,502;1,488
28/11/2024;1,493;1,504;1,488
29/11/2024;1,492;1,503;1,489
02/12/2024;1,493;1,501;1,490
03/12/2024;1,484;1,496;1,491
04/12/2024;1,497;1,493;1,491
05/12/2024;1,500;1,492;1,492
06/12/2024;1,487;1,493;1,493
09/12/2024;1,472;1,492;1,492
10/12/2024;1,493;1,488;1,491
11/12/2024;1,496;1,490;1,491
12/12/2024;1,506;1,490;1,491
13/12/2024;1,504;1,491;1,492
16/12/2024;1,514;1,494;1,494
17/12/2024;1,510;1,503;1,495
18/12/2024;1,498;1,506;1,497
19/12/2024;1,510;1,507;1,497
20/12/2024;1,499;1,507;1,498
23/12/2024;1,504;1,506;1,499
24/12/2024;1,499;1,504;1,499
25/12/2024;1,511;1,502;1,499
26/12/2024;1,511;1,505;1,499
27/12/2024;1,511;1,505;1,499
30/12/2024;1,504;1,507;1,499
31/12/2024;1,511;1,507;1,500
02/01/2025;1,531;1,509;1,501
03/01/2025;1,557;1,511;1,502
06/01/2025;1,560;1,519;1,505
07/01/2025;1,549;1,533;1,509
08/01/2025;1,544;1,542;1,511
09/01/2025;1,548;1,548;1,513
10/01/2025;1,548;1,552;1,517
13/01/2025;1,552;1,550;1,519
14/01/2025;1,578;1,548;1,522
15/01/2025;1,570;1,554;1,525
16/01/2025;1,576;1,559;1,528
17/01/2025;1,571;1,565;1,531
20/01/2025;1,571;1,569;1,534
21/01/2025;1,567;1,573;1,537
22/01/2025;1,564;1,571;1,540
23/01/2025;1,556;1,570;1,543
24/01/2025;1,558;1,566;1,545
27/01/2025;1,552;1,563;1,548
28/01/2025;1,542;1,559;1,549
29/01/2025;1,551;1,554;1,551
30/01/2025;1,556;1,552;1,553
31/01/2025;1,554;1,552;1,555
03/02/2025;1,554;1,551;1,557
04/02/2025;1,572;1,551;1,558
05/02/2025;1,567;1,557;1,559
06/02/2025;1,548;1,560;1,559
07/02/2025;1,558;1,559;1,559
10/02/2025;1,567;1,559;1,560
11/02/2025;1,581;1,562;1,560
12/02/2025;1,590;1,564;1,562
13/02/2025;1,572;1,569;1,564
14/02/2025;1,561;1,573;1,563
17/02/2025;1,558;1,574;1,563
18/02/2025;1,565;1,572;1,562
19/02/2025;1,568;1,569;1,562
20/02/2025;1,572;1,565;1,562
21/02/2025;1,568;1,565;1,562
24/02/2025;1,553;1,566;1,562
25/02/2025;1,548;1,565;1,562
26/02/2025;1,529;1,562;1,562
27/02/2025;1,528;1,554;1,561
28/02/2025;1,533;1,545;1,560
03/03/2025;1,523;1,538;1,559
04/03/2025;1,512;1,532;1,558
05/03/2025;1,485;1,525;1,556
06/03/2025;1,460;1,516;1,553
07/03/2025;1,447;1,503;1,548
10/03/2025;1,444;1,486;1,542
11/03/2025;1,447;1,470;1,537
12/03/2025;1,443;1,457;1,532
13/03/2025;1,461;1,448;1,527
14/03/2025;1,469;1,448;1,521
17/03/2025;1,457;1,453;1,516
18/03/2025;1,464;1,456;1,511
19/03/2025;1,465;1,459;1,506
20/03/2025;1,468;1,463;1,502
21/03/2025;1,478;1,465;1,498
24/03/2025;1,481;1,467;1,493
25/03/2025;1,497;1,471;1,489
26/03/2025;1,505;1,478;1,486
27/03/2025;1,511;1,486;1,484
28/03/2025;1,530;1,494;1,482
31/03/2025;1,529;1,505;1,482
01/04/2025;1,524;1,515;1,482
02/04/2025;1,536;1,520;1,482
03/04/2025;1,530;1,526;1,483
04/04/2025;1,471;1,530;1,483
07/04/2025;1,438;1,518;1,483
08/04/2025;1,441;1,500;1,482
09/04/2025;1,441;1,483;1,481
10/04/2025;1,402;1,464;1,481
11/04/2025;1,418;1,438;1,479
14/04/2025;1,410;1,428;1,478
15/04/2025;1,427;1,422;1,476
16/04/2025;1,431;1,419;1,474
17/04/2025;1,440;1,417;1,473
18/04/2025;1,446;1,425;1,471
21/04/2025;1,446;1,431;1,471
22/04/2025;1,446;1,438;1,470
23/04/2025;1,447;1,442;1,468
24/04/2025;1,440;1,445;1,467
25/04/2025;1,446;1,445;1,464
28/04/2025;1,450;1,445;1,461
29/04/2025;1,444;1,446;1,459
30/04/2025;1,431;1,446;1,455
01/05/2025;1,427;1,442;1,450
02/05/2025;1,422;1,440;1,446
05/05/2025;1,413;1,435;1,441
06/05/2025;1,413;1,427;1,435
07/05/2025;1,430;1,421;1,433
08/05/2025;1,419;1,421;1,432
09/05/2025;1,432;1,419;1,431
12/05/2025;1,441;1,421;1,431
13/05/2025;1,464;1,427;1,433
14/05/2025;1,469;1,437;1,435
15/05/2025;1,461;1,445;1,437
16/05/2025;1,454;1,453;1,439
19/05/2025;1,457;1,458;1,440
20/05/2025;1,448;1,461;1,441
21/05/2025;1,451;1,458;1,441
22/05/2025;1,454;1,454;1,441
23/05/2025;1,448;1,453;1,441
26/05/2025;1,454;1,452;1,441
27/05/2025;1,449;1,451;1,442
28/05/2025;1,439;1,451;1,442
29/05/2025;1,447;1,449;1,442
30/05/2025;1,445;1,447;1,442
02/06/2025;1,436;1,447;1,443
03/06/2025;1,446;1,443;1,443
04/06/2025;1,442;1,443;1,444
05/06/2025;1,433;1,443;1,445
06/06/2025;1,439;1,440;1,446
09/06/2025;1,441;1,439;1,447
10/06/2025;1,445;1,440;1,448
11/06/2025;1,450;1,440;1,448
12/06/2025;1,453;1,441;1,449
13/06/2025;1,450;1,445;1,448
16/06/2025;1,470;1,448;1,447
17/06/2025;1,457;1,454;1,448
18/06/2025;1,469;1,456;1,448
19/06/2025;1,479;1,460;1,448
20/06/2025;1,512;1,465;1,450
23/06/2025;1,503;1,478;1,453
24/06/2025;1,510;1,484;1,455
25/06/2025;1,453;1,495;1,458
26/06/2025;1,447;1,492;1,458
27/06/2025;1,445;1,485;1,458
30/06/2025;1,436;1,472;1,458
01/07/2025;1,432;1,458;1,457
02/07/2025;1,431;1,442;1,457
03/07/2025;1,439;1,438;1,457
04/07/2025;1,443;1,437;1,456
07/07/2025;1,451;1,436;1,456
08/07/2025;1,463;1,439;1,457
09/07/2025;1,474;1,445;1,458
10/07/2025;1,478;1,454;1,460
11/07/2025;1,460;1,462;1,461
14/07/2025;1,461;1,465;1,462
15/07/2025;1,460;1,467;1,462
16/07/2025;1,468;1,467;1,462
17/07/2025;1,460;1,466;1,462
18/07/2025;1,470;1,462;1,463
21/07/2025;1,469;1,464;1,463
22/07/2025;1,459;1,465;1,462
23/07/2025;1,449;1,465;1,460
24/07/2025;1,449;1,461;1,457
25/07/2025;1,455;1,459;1,454
28/07/2025;1,450;1,456;1,454
29/07/2025;1,455;1,452;1,455
30/07/2025;1,474;1,452;1,455
31/07/2025;1,485;1,457;1,457
01/08/2025;1,478;1,464;1,459
04/08/2025;1,463;1,469;1,461
05/08/2025;1,451;1,471;1,462
06/08/2025;1,447;1,470;1,463
07/08/2025;1,443;1,465;1,463
08/08/2025;1,432;1,456;1,462
11/08/2025;1,436;1,447;1,460
12/08/2025;1,439;1,442;1,458
13/08/2025;1,442;1,439;1,457
14/08/2025;1,430;1,438;1,456
15/08/2025;1,438;1,436;1,455
18/08/2025;1,438;1,437;1,453
19/08/2025;1,435;1,437;1,452
20/08/2025;1,436;1,437;1,451
21/08/2025;1,446;1,435;1,449
22/08/2025;1,458;1,439;1,449
25/08/2025;1,459;1,443;1,449
26/08/2025;1,454;1,447;1,450
27/08/2025;1,446;1,451;1,450
28/08/2025;1,454;1,453;1,449
29/08/2025;1,453;1,454;1,449
01/09/2025;1,461;1,453;1,448
02/09/2025;1,471;1,454;1,447
03/09/2025;1,485;1,457;1,447
04/09/2025;1,489;1,465;1,448
05/09/2025;1,493;1,472;1,450
08/09/2025;1,481;1,480;1,452
09/09/2025;1,501;1,484;1,454
10/09/2025;1,510;1,490;1,457
11/09/2025;1,497;1,495;1,460
12/09/2025;1,488;1,496;1,463
15/09/2025;1,495;1,495;1,465
16/09/2025;1,492;1,498;1,468
17/09/2025;1,498;1,496;1,470
18/09/2025;1,496;1,494;1,473
19/09/2025;1,489;1,494;1,476
22/09/2025;1,483;1,494;1,478
23/09/2025;1,478;1,492;1,480
24/09/2025;1,471;1,489;1,481
25/09/2025;1,478;1,483;1,481
26/09/2025;1,472;1,480;1,482
29/09/2025;1,488;1,477;1,483
30/09/2025;1,473;1,477;1,485
01/10/2025;1,458;1,476;1,486
02/10/2025;1,455;1,474;1,486
03/10/2025;1,442;1,469;1,485
06/10/2025;1,442;1,463;1,483
07/10/2025;1,449;1,454;1,481
08/10/2025;1,444;1,449;1,479
09/10/2025;1,452;1,446;1,477
10/10/2025;1,454;1,446;1,475
13/10/2025;1,437;1,448;1,472
14/10/2025;1,442;1,447;1,470
15/10/2025;1,438;1,446;1,468
16/10/2025;1,441;1,444;1,465
17/10/2025;1,449;1,442;1,463
20/10/2025;1,447;1,441;1,460
21/10/2025;1,429;1,443;1,458
22/10/2025;1,438;1,441;1,455
23/10/2025;1,451;1,441;1,453
24/10/2025;1,474;1,443;1,452
27/10/2025;1,479;1,448;1,452
28/10/2025;1,470;1,454;1,452
29/10/2025;1,468;1,462;1,452
30/10/2025;1,476;1,468;1,451
31/10/2025;1,465;1,473;1,452
03/11/2025;1,463;1,472;1,452
04/11/2025;1,471;1,468;1,452
05/11/2025;1,466;1,469;1,454
06/11/2025;1,471;1,468;1,455
07/11/2025;1,475;1,467;1,456
10/11/2025;1,477;1,469;1,457
11/11/2025;1,472;1,472;1,458
12/11/2025;1,489;1,472;1,459
13/11/2025;1,503;1,477;1,461
14/11/2025;1,502;1,484;1,464
17/11/2025;1,500;1,489;1,467
18/11/2025;1,492;1,493;1,470
19/11/2025;1,486;1,497;1,472
20/11/2025;1,473;1,497;1,474
21/11/2025;1,458;1,491;1,476
24/11/2025;1,451;1,482;1,476
25/11/2025;1,446;1,472;1,476
26/11/2025;1,426;1,463;1,475
27/11/2025;1,434;1,451;1,473
28/11/2025;1,441;1,443;1,471
01/12/2025;1,465;1,439;1,470
02/12/2025;1,462;1,442;1,469
03/12/2025;1,455;1,446;1,469
04/12/2025;1,455;1,452;1,469
05/12/2025;1,450;1,456;1,468
08/12/2025;1,452;1,458;1,467
09/12/2025;1,441;1,455;1,467
10/12/2025;1,433;1,451;1,465
11/12/2025;1,434;1,446;1,463
12/12/2025;1,425;1,442;1,461
15/12/2025;1,419;1,437;1,458
16/12/2025;1,395;1,430;1,455
17/12/2025;1,375;1,421;1,450
18/12/2025;1,375;1,409;1,444
19/12/2025;1,376;1,398;1,439
22/12/2025;1,380;1,388;1,434
23/12/2025;1,386;1,380;1,429
24/12/2025;1,387;1,378;1,426
25/12/2025;1,391;1,381;1,423
26/12/2025;1,391;1,384;1,421
29/12/2025;1,391;1,387;1,419
30/12/2025;1,391;1,389;1,417
31/12/2025;1,386;1,390;1,415
01/01/2026;1,393;1,390;1,411
02/01/2026;1,393;1,389;1,408
05/01/2026;1,383;1,388;1,405
06/01/2026;1,390;1,385;1,401
07/01/2026;1,392;1,383;1,398
08/01/2026;1,386;1,383;1,395
09/01/2026;1,399;1,381;1,392
12/01/2026;1,416;1,382;1,390
13/01/2026;1,418;1,389;1,389
14/01/2026;1,430;1,395;1,388
15/01/2026;1,427;1,402;1,389
16/01/2026;1,411;1,411;1,390
19/01/2026;1,410;1,421;1,395
20/01/2026;1,420;1,419;1,397
21/01/2026;1,427;1,420;1,399
22/01/2026;1,433;1,419;1,401
23/01/2026;1,430;1,420;1,403
26/01/2026;1,431;1,424;1,405
27/01/2026;1,418;1,428;1,407
28/01/2026;1,416;1,428;1,408
29/01/2026;1,418;1,425;1,409
30/01/2026;1,424;1,422;1,410
02/02/2026;1,431;1,421;1,412
03/02/2026;1,411;1,421;1,414
04/02/2026;1,423;1,420;1,414
05/02/2026;1,425;1,421;1,416
06/02/2026;1,431;1,423;1,418
09/02/2026;1,438;1,424;1,420
10/02/2026;1,443;1,426;1,422
11/02/2026;1,443;1,432;1,424
12/02/2026;1,447;1,436;1,425
13/02/2026;1,431;1,441;1,427
16/02/2026;1,427;1,441;1,427
17/02/2026;1,429;1,438;1,427
18/02/2026;1,429;1,436;1,428
19/02/2026;1,446;1,433;1,428
20/02/2026;1,464;1,432;1,430
23/02/2026;1,465;1,439;1,431
24/02/2026;1,471;1,447;1,433
25/02/2026;1,466;1,455;1,435
26/02/2026;1,468;1,462;1,436
27/02/2026;1,470;1,467;1,438
02/03/2026;1,476;1,468;1,441
03/03/2026;1,519;1,470;1,444
04/03/2026;1,557;1,480;1,448
05/03/2026;1,553;1,498;1,454
06/03/2026;1,594;1,515;1,460
09/03/2026;1,632;1,540;1,468
10/03/2026;1,692;1,571;1,477
11/03/2026;1,615;1,606;1,489
12/03/2026;1,661;1,617;1,497
13/03/2026;1,702;1,639;1,507
16/03/2026;1,697;1,661;1,519
17/03/2026;1,716;1,674;1,530
18/03/2026;1,711;1,678;1,543
19/03/2026;1,743;1,698;1,556
20/03/2026;1,770;1,714;1,570
23/03/2026;1,750;1,727;1,586
24/03/2026;1,688;1,738;1,600
25/03/2026;1,675;1,732;1,610
26/03/2026;1,653;1,725;1,619
27/03/2026;1,688;1,707;1,628
30/03/2026;1,721;1,691;1,638
31/03/2026;1,755;1,685;1,649
01/04/2026;1,749;1,698;1,662
02/04/2026;1,694;1,713;1,675
03/04/2026;1,751;1,721;1,683
06/04/2026;1,746;1,734;1,691
07/04/2026;1,746;1,739;1,700
08/04/2026;1,746;1,737;1,707
09/04/2026;1,651;1,737;1,712
10/04/2026;1,686;1,728;1,710
13/04/2026;1,671;1,715;1,714
14/04/2026;1,705;1,700;1,714
15/04/2026;1,662;1,692;1,714
16/04/2026;1,655;1,675;1,713
17/04/2026;1,676;1,676;1,710
20/04/2026;1,633;1,674;1,708
21/04/2026;1,669;1,666;1,703
22/04/2026;1,672;1,659;1,699
23/04/2026;1,700;1,661;1,695
24/04/2026;1,716;1,670;1,696
27/04/2026;1,724;1,678;1,697
28/04/2026;1,737;1,696;1,701
29/04/2026;1,748;1,710;1,703
30/04/2026;1,792;1,725;1,704
01/05/2026;1,797;1,743;1,706
04/05/2026;1,772;1,760;1,708
05/05/2026;1,773;1,769;1,712
06/05/2026;1,783;1,776;1,713
07/05/2026;1,717;1,783;1,714
08/05/2026;1,704;1,768;1,713
11/05/2026;1,727;1,750;1,711
12/05/2026;1,752;1,741;1,714
13/05/2026;1,782;1,736;1,717
14/05/2026;1,783;1,736;1,723
15/05/2026;1,764;1,749;1,726
18/05/2026;1,785;1,762;1,731
19/05/2026;1,804;1,773;1,737
20/05/2026;1,797;1,784;1,742
21/05/2026;1,770;1,787;1,750
22/05/2026;1,754;1,784;1,754
25/05/2026;1,735;1,782;1,758
26/05/2026;1,731;1,772;1,760
27/05/2026;1,700;1,757;1,761
28/05/2026;1,644;1,738;1,759
29/05/2026;1,646;1,713;1,755
01/06/2026;1,654;1,691;1,751
02/06/2026;1,679;1,675;1,744
03/06/2026;1,665;1,665;1,739
04/06/2026;1,676;1,657;1,734
05/06/2026;1,636;1,664;1,730
08/06/2026;1,642;1,662;1,723
09/06/2026;1,663;1,659;1,720
10/06/2026;1,641;1,656;1,718
11/06/2026;1,665;1,652;1,714
12/06/2026;1,681;1,649;1,710
15/06/2026;1,644;1,659;1,705
16/06/2026;1,619;1,659;1,699
17/06/2026;1,594;1,650;1,692
18/06/2026;1,587;1,641;1,684
19/06/2026;1,593;1,625;1,674
22/06/2026;1,634;1,607;1,665
23/06/2026;1,625;1,606;1,658
24/06/2026;1,611;1,607;1,653
25/06/2026;1,608;1,610;1,647
26/06/2026;1,633;1,614;1,641
29/06/2026;1,620;1,622;1,638
30/06/2026;1,644;1,619;1,637
01/07/2026;1,651;1,623;1,637
02/07/2026;1,656;1,631;1,637
03/07/2026;1,652;1,641;1,636
06/07/2026;1,673;1,645;1,635
07/07/2026;1,700;1,655;1,635
08/07/2026;1,696;1,666;1,638
09/07/2026;1,727;1,675;1,641
10/07/2026;1,714;1,690;1,643
13/07/2026;1,690;1,702;1,647
14/07/2026;1,706;1,705;1,648
15/07/2026;1,742;1,707;1,649
16/07/2026;1,762;1,716;1,653
17/07/2026;1,783;1,723;1,660
20/07/2026;1,796;1,736;1,668
21/07/2026;1,790;1,758;1,678
22/07/2026;1,793;1,774;1,687
23/07/2026;1,776;1,785;1,694
24/07/2026;1,796;1,788;1,701
27/07/2026;1,762;1,790;1,709
28/07/2026;1,748;1,784;1,716
29/07/2026;1,761;1,775;1,722
30/07/2026;1,792;1,769;1,728
31/07/2026;1,761;1,772;1,735
03/08/2026;1,737;1,765;1,740
04/08/2026;1,668;1,760;1,743
05/08/2026;1,625;1,744;1,744
06/08/2026;1,625;1,717;1,742
07/08/2026;1,643;1,683;1,739
10/08/2026;1,703;1,660;1,736
11/08/2026;1,780;1,653;1,735
12/08/2026;1,777;1,675;1,738
13/08/2026;1,777;1,706;1,742
14/08/2026;1,790;1,736;1,745
17/08/2026;1,767;1,765;1,748
18/08/2026;1,771;1,778;1,748
19/08/2026;1,813;1,776;1,747
20/08/2026;1,817;1,783;1,748
21/08/2026;1,783;1,792;1,749
24/08/2026;1,797;1,790;1,749
25/08/2026;1,790;1,796;1,750
26/08/2026;1,783;1,800;1,749
27/08/2026;1,782;1,794;1,750
28/08/2026;1,829;1,787;1,752
31/08/2026;1,884;1,796;1,755
01/09/2026;1,889;1,814;1,759
02/09/2026;1,895;1,833;1,765
03/09/2026;1,946;1,856;1,772
04/09/2026;1,966;1,889;1,785
07/09/2026;1,917;1,916;1,800
08/09/2026;1,892;1,922;1,814
09/09/2026;1,870;1,923;1,825
10/09/2026;1,793;1,918;1,832
11/09/2026;1,847;1,888;1,833
14/09/2026;1,929;1,864;1,836
15/09/2026;1,965;1,866;1,843
16/09/2026;1,935;1,881;1,851
17/09/2026;1,897;1,894;1,859
18/09/2026;1,900;1,915;1,865
21/09/2026;1,910;1,925;1,868
22/09/2026;1,891;1,922;1,873
23/09/2026;1,898;1,907;1,878
24/09/2026;1,913;1,899;1,882
25/09/2026;1,965;1,903;1,888
28/09/2026;1,921;1,916;1,896
